"","TRANSECT","TRAP_START","PeriodID","JulianDate","month","year","Trap.Effort","Woylie_Caps","Chuditch_Caps","Quenda_Caps","Koomal_Caps","Round","prop.2yrsburnt.200m.transect","prop.2yrsburnt.500m.transect","prop.2yrsburnt.1km.transect","prop.5yrsburnt.200m.transect","prop.5yrsburnt.500m.transect","prop.5yrsburnt.1km.transect","prop.15yrsharvest.200m.transect","prop.25yrsharvest.200m.transect","prop.50yrsharvest.200m.transect","prop.15yrsharvest.500m.transect","prop.25yrsharvest.500m.transect","prop.50yrsharvest.500m.transect","Year","BaitIntensity.Transect.Twelve","BaitIntensity.Transect.Six","BaitIntensity.Transect.Three","Rain.ThreeMonths","Rain.SixMonths","Rain.TwelveMonths","Rain.PrvAutumn","smNDVI","prop.pasture.5km","prop.pasture.1km","Name","DistCentroidPasture","Woylie_Abundance","Woylie_SD","Koomal_Abundance","Koomal_SD","Chuditch_Abundance","Chuditch_SD","Quenda_PA"
"1","Balban",2004-11-16,10,321,11,2004,10000,134,0,0,4,"Nov_2004",0.391229082515868,0.396132987502947,0.399180700955849,0.391229082515868,0.396132987502947,0.399180700955849,0,0.973456433929602,0.988459319099827,0,0.922423956614006,0.970525819382221,2004,22.6588039398193,11.3349943161011,5.55084657669067,150.403762817383,415.453491210938,488.347015380859,168.954559326172,57.478623046875,0.184780470919576,0.0153709725096069,"l5atm_2004",14.6538708867637,137.702,154,32.0123333333333,73.0250000000001,2.92266666666667,9,0
"2","Balban",2006-03-21,13,80,3,2006,10000,72,4,0,14,"Mar_2006",0.391229082515868,0.396132987502947,0.39792899408284,0.391229082515868,0.396132987502947,0.399180700955849,0,0,0.988459319099827,0,0,0.970525819382221,2006,26.057466506958,11.1218194961548,9.21862888336182,68.7518768310547,294.411315917969,875.048095703125,310.678436279297,69.771845703125,0.184839473539292,0.0161690806976057,"l5atm_2006",14.6538708867637,79.3756666666667,91,81.08,163.025,7.03366666666667,13,0
"3","Balban",2007-03-27,15,86,3,2007,10000,42,0,1,73,"Mar_2007",0,0,0.011151570323168,0.391229082515868,0.396132987502947,0.410104688211197,0,0,0.988459319099827,0,0,0.970525819382221,2007,23.8867416381836,12.929461479187,5.37976837158203,49.2075386047363,147.510223388672,444.562652587891,69.7983779907227,59.6353466796875,0.17799910316018,0.0160508424475318,"l5atm_2007",14.6538708867637,48.3386666666667,56,281.237,530,5.38833333333333,12,1
"4","Balban",2008-04-08,17,99,4,2008,10000,24,6,0,71,"Apr_2008",0,0,0.011151570323168,0.391229082515868,0.396132987502947,0.409080564406008,0,0,0.988459319099827,0,0,0.970525819382221,2008,17.0737171173096,11.4272165298462,5.87306308746338,13.7999992370605,138.557266235352,595.973388671875,91.3486557006836,64.749677734375,0.174506148072974,0.0144841856340526,"l5atm_2008",14.6538708867637,29.5093333333333,37,285.076,539,12.393,21,0
"5","Balban",2011-11-08,24,312,11,2011,10000,29,11,1,27,"Nov_2011",0,0.00165055411459561,0.00978607191624943,0.59665320253895,0.573449658099505,0.526854802002731,0,0,0.980957876514714,0,0,0.9514265503419,2011,34.6652717590332,19.2085475921631,9.63910484313965,278.791900634766,523.6416015625,713.643249511719,114.398918151855,69.6616455078125,0.170615908679679,0.0131244457582028,"l5atm_2011",14.6538708867637,30.3993333333333,36,140.825666666667,272,34.941,52,1
"6","Balban",2012-04-24,25,115,4,2012,10000,25,28,0,50,"Apr_2012",0,0,0,0.59665320253895,0.573449658099505,0.526854802002731,0,0,0.980957876514714,0,0,0.9514265503419,2012,36.6059494018555,17.3974018096924,9.39827537536621,23.1999988555908,191.338409423828,687.2880859375,106.101608276367,70.52427734375,0.171780227042081,0.0133018031333136,"l7atm_2012",14.6538708867637,30.4113333333333,37,182.274333333333,348.025,43.636,59,0
"7","Balban",2012-11-06,26,311,11,2012,10000,42,4,0,45,"Nov_2012",0,0,0,0.59665320253895,0.573449658099505,0.515703231679563,0,0,0.980957876514714,0,0,0.9514265503419,2012,35.9829711914062,18.5855655670166,8.73406028747559,173.659423828125,368.711853027344,507.255126953125,106.101608276367,68.8606201171875,0.171780227042081,0.0133018031333136,"l7atm_2012",14.6538708867637,46.269,53.0250000000001,184.261,356,29.61,45,0
"8","Balban",2013-04-16,27,106,4,2013,10000,49,15,0,71,"Apr_2013",0,0,0,0.59665320253895,0.573449658099505,0.515703231679563,0,0,0.980957876514714,0,0,0.9514265503419,2013,31.8069553375244,18.4809722900391,7.34736680984497,45.2946128845215,200.410751342773,577.569641113281,66.6502685546875,71.265966796875,0.175965479533958,0.0133609222583506,"l7atm_2013",14.6538708867637,53.7516666666667,62,233.070666666667,438.025,29.077,43,0
"9","Balban",2013-11-05,28,309,11,2013,10000,55,8,0,47,"Nov_2013",0,0,0,0.59665320253895,0.573449658099505,0.515703231679563,0,0,0.980957876514714,0,0,0.9514265503419,2013,48.8784523010254,30.275390625,18.6464538574219,273.703765869141,500.809692382812,710.220397949219,66.6502685546875,64.4185546875,0.175965479533958,0.0133609222583506,"l7atm_2013",14.6538708867637,64.6283333333333,75.0250000000001,194.442666666667,368.05,21.6733333333333,34,0
"10","Balban",2014-03-11,29,70,3,2014,10000,91,7,2,59,"Mar_2014",0,0,0,0.59665320253895,0.573449658099505,0.515703231679563,0,0,0.980957876514714,0,0,0.9514265503419,2014,48.9296493530273,23.4855880737305,9.30175495147705,7.1989221572876,203.809143066406,605.019348144531,150.805389404297,63.86576171875,0.177176999992133,0.0132131244457582,"l8atm_2014",14.6538708867637,97.0983333333333,106,225.801333333333,428.025,15.7396666666667,26,1
"11","Balban",2014-11-11,30,315,11,2014,10000,88,1,1,55,"Nov_2014",0,0,0,0,0.00165055411459561,0.00978607191624943,0,0,0.980957876514714,0,0,0.9514265503419,2014,41.9754943847656,23.3098373413086,12.9567680358887,208.400527954102,528.757202148438,602.311828613281,150.805389404297,69.188603515625,0.177176999992133,0.0132131244457582,"l8atm_2014",14.6538708867637,92.5493333333333,105,218.189666666667,409,8.941,17,1
"12","Balban",2015-06-16,31,167,6,2015,10000,60,3,1,52,"Jun_2015",0,0,0,0,0,0,0,0,0.980957876514714,0,0,0.9514265503419,2015,48.0442924499512,18.9905300140381,12.1343765258789,181.401596069336,197.798904418945,630.354553222656,154.946487426758,73.4605810546875,0.176964590561154,0.0130062075081289,"l8atm_2015",14.6538708867637,69.9923333333333,82,213.568,401.025,7.313,14,1
"13","Balban",2015-11-10,32,314,11,2015,9950,69,1,0,61,"Nov_2015",0,0,0,0,0,0,0,0,0.980957876514714,0,0,0.9514265503419,2015,47.626277923584,23.4212665557861,11.0619277954102,134.950256347656,338.655639648438,517.44970703125,154.946487426758,60.330302734375,0.176964590561154,0.0130062075081289,"l8atm_2015",14.6538708867637,76.6833333333333,90,226.003666666667,437.025,5.34666666666667,12,0
"14","Balban",2016-10-25,34,299,10,2016,10000,81,2,1,53,"Oct_2016",0.00173110213502597,0.021457203489743,0.0591715976331361,0.00173110213502597,0.021457203489743,0.0591715976331361,0,0,0.980957876514714,0,0,0.9514265503419,2016,42.7072486877441,22.292121887207,11.2395992279053,291.871795654297,542.578247070312,745.520935058594,181.401596069336,69.408935546875,0.17742087748696,0.0131540053207213,"l8att_2016",14.6538708867637,91.0363333333333,105,172.930333333333,333.025,5.33,10.0250000000001,1
"15","Balban",2017-05-02,35,122,5,2017,10000,110,3,1,41,"May_2017",0.00173110213502597,0.021457203489743,0.0591715976331361,0.00173110213502597,0.021457203489743,0.0591715976331361,0,0,0.980957876514714,0,0,0.9514265503419,2017,44.5051383972168,22.2130184173584,11.0731964111328,89.9405670166016,137.687606811523,666.166381835938,213.550262451172,72.9974951171875,0.188383564230252,0.0288501330180313,"l8att_2017",14.6538708867637,111.105333333333,123,136.701333333333,261,5.38866666666667,10,1
"16","Balban",2017-11-07,36,311,11,2017,10000,111,0,0,32,"Nov_2017",0.00173110213502597,0.021457203489743,0.0591715976331361,0.00173110213502597,0.021457203489743,0.0591715976331361,0,0,0.980957876514714,0,0,0.9514265503419,2017,44.702075958252,22.4890575408936,11.0335311889648,238.154037475586,429.506439208984,567.194091796875,213.550262451172,63.352861328125,0.188383564230252,0.0288501330180313,"l8att_2017",14.6538708867637,117.13,133,129.673,246,3.02566666666667,8,0
"17","Balban",2018-11-20,38,324,11,2018,10000,107,1,0,28,"Nov_2018",0.948066935949221,0.905682622023108,0.846722803823395,0.948066935949221,0.905682622023108,0.846722803823395,0,0,0.980957876514714,0,0,0.9514265503419,2018,44.0435600280762,23.6103248596191,11.0735120773315,215.416137695312,456.221008300781,604.177673339844,75.5978393554688,57.72994140625,0.195094128845987,0.054980786284363,"l8att_2018",14.6538708867637,117.253333333333,133,112.475666666667,218,3.78033333333333,10,0
"18","Boyicup",2000-03-21,1,81,3,2000,10000,134,0,2,9,"Mar_2000",0.157461809635723,0.129388657009575,0.102147276477011,0.492949471210341,0.402897127424503,0.39560839500182,0,0,0.788484136310223,0,0,0.709550699729929,2000,17.4531860351562,8.40558242797852,0,128.5,343.430572509766,890.565551757812,185.946899414062,65.2250634765625,0.0810601584941023,0.11129270515762,"l7atm_2000",5.95917563770696,151.493666666667,173,43.3873333333333,90,2.74533333333333,7,1
"19","Boyicup",2001-03-20,3,79,3,2001,10000,138,0,0,15,"Mar_2001",0,0,0,0.492949471210341,0.402897127424503,0.39560839500182,0,0,0.788484136310223,0,0,0.709550699729929,2001,15.8662910461426,6.59467458724976,0,21.7567348480225,136.883682250977,631.436096191406,134.450546264648,57.353232421875,NA,NA,NA,NA,153.463333333333,173,57.6323333333333,114,0.848333333333333,4,0
"20","Boyicup",2002-03-12,5,71,3,2002,10000,137,0,0,13,"Mar_2002",0,0,0,0.157461809635723,0.133316965381782,0.141453354361276,0,0,0.788484136310223,0,0,0.709550699729929,2002,15.5807399749756,7.58798360824585,3.25008940696716,99.6850967407227,275.130584716797,603.315368652344,126.925827026367,58.9645703125,0.0779513924256932,0.110915548291794,"l7atm_2002",5.95917563770696,147.931333333333,163,66.8116666666667,132,0.802666666666667,4,0
"21","Boyicup",2003-03-11,7,70,3,2003,10000,69,0,1,23,"Mar_2003",0,0,0,0.157461809635723,0.129388657009575,0.102147276477011,0,0,0.788484136310223,0,0,0.709550699729929,2003,18.0509967803955,9.13566875457764,3.39295029640198,49.9109344482422,216.904434204102,676.565612792969,146.516006469727,56.19109375,NA,NA,NA,NA,82.2486666666667,95.0250000000001,113.282333333333,220.025,0.562333333333333,3,1
"22","Boyicup",2004-03-09,9,69,3,2004,10000,47,0,0,68,"Mar_2004",0,0,0,0,0,0,0,0,0.788484136310223,0,0,0.709550699729929,2004,18.568151473999,6.205482006073,1.36696183681488,31.0221862792969,287.103332519531,780.777954101562,180.202209472656,63.0413427734375,0.0800823028500418,0.112361316277462,"l5atm_2004",5.95917563770696,51.9286666666667,59,253.327,472,0.714,3,0
"23","Boyicup",2005-03-08,11,67,3,2005,10000,6,0,0,27,"Mar_2005",0,0,0,0,0,0,0,0,0.788484136310223,0,0,0.709550699729929,2005,19.2515125274658,9.56346130371094,4.84224033355713,21.7629165649414,125.677490234375,545.569519042969,108.856735229492,54.0948681640625,0.0786970073542893,0.110946978030613,"l5atm_2005",5.95917563770696,10.9413333333333,16,149.679333333333,286.025,0.59,3,0
"24","Boyicup",2005-11-01,12,305,11,2005,10000,13,0,0,49,"Nov_2005",0,0,0,0,0,0,0,0,0.788484136310223,0,0,0.709550699729929,2005,19.1291542053223,9.54757308959961,4.73583841323853,306.563690185547,605.164489746094,859.723754882812,108.856735229492,64.849638671875,0.0786970073542893,0.110946978030613,"l5atm_2005",5.95917563770696,13.9443333333333,16,200.769666666667,389,0.754,3,0
"25","Boyicup",2006-03-21,13,80,3,2006,10000,5,1,3,76,"Mar_2006",0,0,0,0,0,0,0,0,0.788484136310223,0,0,0.709550699729929,2006,22.1914081573486,9.35006427764893,7.90449476242065,74.2763900756836,327.116790771484,924.839782714844,308.853057861328,66.6056103515625,0.0793081671318272,0.112078448628092,"l5atm_2006",5.95917563770696,6.532,9,276.693666666667,525,1.54033333333333,4,1
"26","Boyicup",2006-11-14,14,318,11,2006,10000,4,0,1,67,"Nov_2006",0,0,0,0,0,0,0,0,0.788484136310223,0,0,0.709550699729929,2006,18.5806636810303,9.23059940338135,4.52749967575073,224.477508544922,386.779693603516,562.347351074219,308.853057861328,64.250478515625,0.0793081671318272,0.112078448628092,"l5atm_2006",5.95917563770696,4.849,7,269.763666666667,512,0.74,3,1
"27","Boyicup",2007-03-20,15,79,3,2007,10000,4,0,1,89,"Mar_2007",0.0123384253819036,0.0380554873557574,0.0605362125439767,0.0123384253819036,0.0380554873557574,0.0605362125439767,0,0,0.788484136310223,0,0,0.709550699729929,2007,19.9934940338135,13.8448247909546,4.55321168899536,40.8851051330566,168.589859008789,499.718994140625,85.4418334960938,57.40369140625,0.07881516491128,0.110852688814156,"l5atm_2007",5.95917563770696,4.82766666666667,7,349.859333333333,667,0.989333333333333,4,1
"28","Boyicup",2008-04-01,17,92,4,2008,10000,6,0,1,95,"Apr_2008",0.0123384253819036,0.0380554873557574,0.0605362125439767,0.0123384253819036,0.0380554873557574,0.0605362125439767,0,0,0.788484136310223,0,0,0.709550699729929,2008,14.2855968475342,9.521484375,4.88114929199219,14.669095993042,159.718215942383,670.475463867188,126.176383972168,64.129736328125,0.0801882372114817,0.110664110381243,"l5atm_2008",5.95917563770696,7.16166666666667,10,359.869666666667,684,2.41233333333333,7,1
"29","Boyicup",2009-03-10,19,69,3,2009,10000,10,2,0,77,"Mar_2009",0.0123384253819036,0.0380554873557574,0.0605362125439767,0.0123384253819036,0.0380554873557574,0.0605362125439767,0,0,0.788484136310223,0,0,0.709550699729929,2009,15.9271593093872,9.69817638397217,4.95988845825195,56.1949310302734,281.484771728516,791.993957519531,232.487319946289,64.8827490234375,0.080522337889869,0.111669862023447,"l5atm_2009",5.95917563770696,12.015,16,324.521333333333,613.05,4.57433333333333,10,0
"30","Boyicup",2010-04-20,21,110,4,2010,10000,21,2,1,82,"Apr_2010",0.825499412455934,0.777805057697029,0.716971976222249,0.837837837837838,0.815860545052787,0.777508188766226,0,0,0.788484136310223,0,0,0.709550699729929,2010,18.3285961151123,9.19136428833008,4.60114526748657,26.7432632446289,92.950553894043,637.549560546875,107.532005310059,66.496201171875,0.0795485566443254,0.110946978030613,"l5atm_2010",5.95917563770696,23.2123333333333,27,326.105333333333,614.025,5.61066666666667,12,1
"31","Boyicup",2011-03-22,23,81,3,2011,10000,16,4,1,93,"Mar_2011",0.825499412455934,0.777805057697029,0.716971976222249,0.837837837837838,0.815860545052787,0.777508188766226,0,0,0.788484136310223,0,0,0.709550699729929,2011,18.7514324188232,9.45447158813477,4.77570915222168,99.9640197753906,201.08984375,479.989501953125,104.47274017334,59.307265625,0.0832725568887893,0.111544143068171,"l5atm_2011",5.95917563770696,19.3336666666667,24,316.186333333333,605.025,9.824,18,1
"32","Boyicup",2012-03-20,25,80,3,2012,10000,19,4,1,62,"Mar_2012",0.825499412455934,0.777805057697029,0.716971976222249,0.837837837837838,0.815860545052787,0.777508188766226,0,0,0.788484136310223,0,0,0.709550699729929,2012,18.5124454498291,9.20254135131836,4.50294542312622,67.4850997924805,302.55419921875,729.714233398438,116.807281494141,65.0711865234375,0.0830688369629433,0.112204167583367,"l7atm_2012",5.95917563770696,21.3503333333333,26,246.323333333333,478.025,8.78266666666667,16,1
"33","Boyicup",2013-03-25,27,84,3,2013,10000,13,0,0,81,"Mar_2013",0,0,0,0.825499412455934,0.777805057697029,0.716971976222249,0,0,0.788484136310223,0,0,0.709550699729929,2013,17.5461826324463,8.51499366760254,4.09389495849609,96.1145706176758,296.479705810547,607.990295410156,73.9789199829102,60.837275390625,0.0838837166663271,0.112927051576201,"l7atm_2013",5.95917563770696,16.4533333333333,21,292.037666666667,550.025,3.24266666666667,9,0
"34","Boyicup",2014-03-25,29,84,3,2014,10000,22,2,0,74,"Mar_2014",0,0,0,0.825499412455934,0.777805057697029,0.716971976222249,0,0,0.788484136310223,0,0,0.709550699729929,2014,13.3094530105591,8.3327522277832,4.13928318023682,12.387638092041,238.515670776367,678.300109863281,174.565124511719,62.171474609375,0.0816753926701571,0.110506961687148,"l8atm_2014",5.95917563770696,23.7526666666667,28,261.723666666667,494,4.31033333333333,9,0
"35","Boyicup",2015-03-24,31,83,3,2015,10000,25,1,1,60,"Mar_2015",0,0,0,0.825499412455934,0.777805057697029,0.716971976222249,0,0,0.788484136310223,0,0,0.709550699729929,2015,15.2920894622803,3.91887474060059,0,26.9814567565918,188.37272644043,647.674621582031,157.425827026367,58.35439453125,0.0802575019862693,0.109564069522582,"l8atm_2015",5.95917563770696,29.622,37,222.18,426,3.40666666666667,8,1
"36","Boyicup",2016-04-05,33,96,4,2016,10000,52,1,0,58,"Apr_2016",0,0,0,0,0,0,0,0,0.788484136310223,0,0,0.709550699729929,2016,15.9723110198975,4.47190046310425,0.698396444320679,161.330581665039,222.524398803711,651.816467285156,194.04801940918,63.926630859375,0.080872736162324,0.110821259075337,"l8att_2016",5.95917563770696,58.6243333333333,67,218.088666666667,413,3.60133333333333,8,0
"37","Boyicup",2017-03-28,35,87,3,2017,10000,55,5,1,41,"Mar_2017",0,0,0,0,0,0,0,0,0.788484136310223,0,0,0.709550699729929,2017,12.5981550216675,5.11711692810059,1.3918514251709,84.9825592041016,232.134231567383,789.850708007812,219.939300537109,68.2173974609375,0.080424552325463,0.110224094037779,"l8att_2017",5.95917563770696,64.5906666666667,76,157.489666666667,305,6.201,11,1
"38","Boyicup",2017-10-17,36,290,10,2017,10000,98,0,0,15,"Oct_2017",0,0,0,0,0,0,0,0,0.788484136310223,0,0,0.709550699729929,2017,15.4197292327881,11.0010089874268,4.35165214538574,364.978607177734,424.43896484375,618.641174316406,219.939300537109,68.674375,0.080424552325463,0.110224094037779,"l8att_2017",5.95917563770696,103.151,114,95.4703333333333,191.025,3.487,9,0
"39","Boyicup",2018-04-17,37,107,4,2018,10000,81,2,0,50,"Apr_2018",0,0,0,0,0,0,0,0,0.788484136310223,0,0,0.709550699729929,2018,18.3577861785889,7.35677814483643,3.68285369873047,40.6505546569824,141.60221862793,566.041198730469,87.7320098876953,63.59234375,0.0801434188277955,0.109846937171952,"l8att_2018",5.95917563770696,87.4806666666667,101,143.917666666667,277,4.704,10,0
"40","Camelar",2000-10-31,2,305,10,2000,10000,79,0,3,3,"Oct_2000",0,0,0.000118259224219489,1,0.98940336328035,0.95151371807001,0,0,0.811764705882353,0,0,0.791292328956462,2000,18.0621509552002,0,4.80695247650146,329.143951416016,490.590209960938,756.781188964844,178.256378173828,66.70205078125,0.0969987942562753,0.00750405831725321,"l7atm_2000",6.36248494068518,91.9306666666667,106,16.8533333333333,39,1.62566666666667,6,1
"41","Camelar",2001-10-30,4,303,10,2001,10000,78,0,2,2,"Oct_2001",0,0,0.000118259224219489,0,0,0.000118259224219489,0,0,0.811764705882353,0,0,0.791292328956462,2001,26.116548538208,11.4088926315308,5.43148708343506,234.237533569336,399.620269775391,470.885009765625,124.607460021973,59.9012744140625,NA,NA,NA,NA,87.1033333333333,97,20.78,48,0.797,3.02500000000009,1
"42","Camelar",2002-11-05,6,309,11,2002,10000,51,0,0,14,"Nov_2002",0,0.00046072333563695,0.000473036896877956,0,0.00046072333563695,0.000473036896877956,0,0,0.811764705882353,0,0,0.791292328956462,2002,21.8389511108398,11.3120670318604,5.66157054901123,219.657501220703,487.054901123047,721.671997070312,119.996887207031,62.09302734375,0.0874975337060178,0.00759594474562774,"l7atm_2002",6.36248494068518,54.5196666666667,64,45.2426666666667,90,0.671,3,0
"43","Camelar",2003-11-04,8,308,11,2003,10000,36,0,1,8,"Nov_2003",0,0.00046072333563695,0.000354777672658467,0,0.00046072333563695,0.000473036896877956,0,0,0.811764705882353,0,0,0.791292328956462,2003,23.4437103271484,11.3374462127686,6.15761280059814,325.076599121094,582.307495117188,743.489196777344,147.397552490234,60.43986328125,NA,NA,NA,NA,40.623,47,36.56,78,0.85,4,1
"44","Camelar",2004-11-02,10,307,11,2004,10000,12,1,5,6,"Nov_2004",0.778151260504202,0.775627735544805,0.740066225165563,0.778151260504202,0.775627735544805,0.740066225165563,0,0,0.811764705882353,0,0,0.791292328956462,2004,24.3987922668457,12.249361038208,6.02087879180908,162.389587402344,433.545440673828,509.987365722656,175.61979675293,54.6868701171875,0.0869406993313603,0.00823914974424944,"l5atm_2004",6.36248494068518,14.225,18,37.1056666666667,81,1.87933333333333,5,1
"45","Camelar",2005-11-01,12,305,11,2005,10000,2,0,3,16,"Nov_2005",1,0.986869384934347,0.947138126773888,1,0.987330108269984,0.947492904446547,0,0,0.811764705882353,0,0,0.791292328956462,2005,24.3713779449463,12.1225481033325,6.00479984283447,298.232940673828,582.647583007812,820.838745117188,100.879371643066,60.407099609375,0.0793467061273704,0.0079022328402095,"l5atm_2005",6.36248494068518,2.44633333333333,4,71.9063333333333,145,0.693666666666667,3,1
"46","Camelar",2006-03-28,13,87,3,2006,10000,0,0,4,27,"Mar_2006",1,0.986869384934347,0.947138126773888,1,0.987330108269984,0.947492904446547,0,0,0.811764705882353,0,0,0.791292328956462,2006,28.9048538208008,11.8047780990601,5.87749195098877,71.642822265625,315.607208251953,890.13037109375,295.128356933594,70.99052734375,0.0777989696371807,0.00615639070109345,"l5atm_2006",6.36248494068518,0.164333333333333,1,114.837666666667,221,0.712666666666667,3,1
"47","Camelar",2006-10-31,14,304,10,2006,10000,0,0,3,39,"Oct_2006",1,0.986869384934347,0.947138126773888,1,0.987330108269984,0.947492904446547,0,0,0.811764705882353,0,0,0.791292328956462,2006,23.4556007385254,0,5.6947455406189,268.354949951172,351.051147460938,579.360107421875,295.128356933594,67.4000244140625,0.0777989696371807,0.00615639070109345,"l5atm_2006",6.36248494068518,0.035,1,156.400666666667,295,0.92,4,1
"48","Camelar",2007-03-27,15,86,3,2007,10000,0,2,0,41,"Mar_2007",1,0.986869384934347,0.947138126773888,1,0.987330108269984,0.947492904446547,0,0,0.811764705882353,0,0,0.791292328956462,2007,24.5619449615479,12.9111223220825,5.7560887336731,44.1554336547852,160.185150146484,473.587280273438,77.6037750244141,60.610205078125,0.0777902005919106,0.00419614689577016,"l5atm_2007",6.36248494068518,0.1,1,155.637666666667,292.025,2.93366666666667,6,0
"49","Camelar",2007-11-06,16,310,11,2007,10000,1,0,1,24,"Nov_2007",0.221848739495798,0.211702372725179,0.207426679280984,1,0.987330108269984,0.947492904446547,0,0,0.811764705882353,0,0,0.791292328956462,2007,23.6746826171875,11.8717136383057,5.82483530044556,292.704833984375,520.891296386719,650.375915527344,77.6037750244141,63.4613037109375,0.0777902005919106,0.00419614689577016,"l5atm_2007",6.36248494068518,1.128,2,97.959,192.025,1.71866666666667,5,1
"50","Camelar",2008-11-04,18,309,11,2008,10000,2,1,0,21,"Nov_2008",0,0,0,1,0.986869384934347,0.947138126773888,0,0,0.811764705882353,0,0,0.791292328956462,2008,19.1484203338623,11.7365741729736,5.93277835845947,149.82405090332,485.009460449219,676.123718261719,108.669311523438,61.244501953125,0.100072344623479,0.00419614689577016,"l5atm_2008",6.36248494068518,2.651,5,96.0156666666667,187,3.57166666666667,9,0
"51","Camelar",2009-11-03,20,307,11,2009,10000,9,3,3,25,"Nov_2009",0,0,0,1,0.986869384934347,0.947138126773888,0,0,0.811764705882353,0,0,0.791292328956462,2009,23.7299041748047,11.3408660888672,5.61848211288452,199.271087646484,537.219299316406,701.470458984375,221.288223266602,66.36041015625,0.100747561109284,0.00477809427547551,"l5atm_2009",6.36248494068518,9.82866666666667,12,97.403,185.025,6.52433333333333,12.0250000000001,1
"52","Camelar",2010-11-02,22,306,11,2010,10000,7,6,8,16,"Nov_2010",0,0,0,0.221848739495798,0.211702372725179,0.207426679280984,0,0,0.811764705882353,0,0,0.791292328956462,2010,23.7383422851562,12.2817325592041,10.9883632659912,106.870216369629,272.426971435547,378.197570800781,105.159530639648,58.6077978515625,0.091754905184698,0.00358357070660663,"l5atm_2010",6.36248494068518,8.771,12,74.3836666666667,150,11.6893333333333,20,1
"53","Camelar",2011-11-08,24,312,11,2011,10000,17,1,0,17,"Nov_2011",0,0,0,0,0,0,0,0,0.811764705882353,0,0,0.791292328956462,2011,28.6330223083496,15.1434917449951,7.61770057678223,269.023590087891,518.175659179688,712.070861816406,107.12410736084,67.1433154296875,0.0911235339252439,0.00367545713498116,"l5atm_2011",6.36248494068518,17.3363333333333,20,60.1306666666667,116,4.37533333333333,11,0
"54","Camelar",2012-05-01,25,122,5,2012,10000,8,0,4,7,"May_2012",0,0,0,0,0,0,0,0,0.811764705882353,0,0,0.791292328956462,2012,29.4637317657471,14.320240020752,6.91953325271606,35.7212448120117,142.371246337891,660.546875,109.756385803223,74.6481005859375,0.0876334539077058,0.00468620784710098,"l7atm_2012",6.36248494068518,9.746,13,43.9773333333333,90,3.04233333333333,8,1
"55","Camelar",2012-11-06,26,311,11,2012,9500,9,1,2,12,"Nov_2012",0,0,0,0,0,0,0,0,0.811764705882353,0,0,0.791292328956462,2012,28.9726867675781,14.6524467468262,7.06108713150024,192.095169067383,391.804473876953,534.175720214844,109.756385803223,65.8344384765625,0.0876334539077058,0.00468620784710098,"l7atm_2012",6.36248494068518,11.663,16,43.5883333333333,87,2.27966666666667,6,1
"56","Camelar",2013-04-02,27,92,4,2013,10000,7,0,0,8,"Apr_2013",0,0,0,0,0,0,0,0,0.811764705882353,0,0,0.791292328956462,2013,29.4582672119141,14.5843534469604,7.30545282363892,50.4523773193359,224.890029907227,619.104370117188,69.3800506591797,70.616201171875,0.099528663816727,0.0051762687984318,"l7atm_2013",6.36248494068518,8.48,12,40.4613333333333,82.0250000000001,1.42166666666667,5,0
"57","Chariup",2000-03-14,1,74,3,2000,10000,113,2,2,18,"Mar_2000",0.964095744680851,0.883917396745932,0.767837454717278,0.970744680851064,0.898623279098874,0.792723263506064,0,0,0.368351063829787,0,0,0.276595744680851,2000,22.8155727386475,10.7929658889771,0,134.415786743164,340.178436279297,868.839904785156,186.03776550293,67.9215625,0.199190743583267,0.101487778958555,"l7atm_2000",6.47620533003873,132.283333333333,152,73.3693333333333,147.05,4.855,9,1
"58","Chariup",2001-03-13,3,72,3,2001,10000,132,0,2,17,"Mar_2001",0.00598404255319149,0.0309762202753442,0.0630020475665459,0.976063829787234,0.92334167709637,0.84879508584029,0,0,0.368351063829787,0,0,0.276595744680851,2001,20.1939163208008,8.0203104019165,4.04318523406982,19.8580913543701,128.201248168945,605.331604003906,131.746475219727,62.0474658203125,NA,NA,NA,NA,145.689666666667,164,74.618,148.025,1.76833333333333,6,1
"59","Chariup",2003-04-01,7,91,4,2003,10000,132,1,4,19,"Apr_2003",0.00598404255319149,0.0309762202753442,0.0630020475665459,0.969414893617021,0.908635794743429,0.823909277051504,0,0,0.368351063829787,0,0,0.276595744680851,2003,22.1132335662842,10.3090524673462,4.12643766403198,65.4730377197266,155.625732421875,671.265625,149.911636352539,66.8118603515625,NA,NA,NA,NA,140.869333333333,157,90.733,185,2.24233333333333,6,1
"60","Chariup",2005-04-05,11,95,4,2005,10000,75,0,3,50,"Apr_2005",0,0,0,0.00598404255319149,0.0309762202753442,0.0630020475665459,0,0,0.368351063829787,0,0,0.276595744680851,2005,19.2436351776123,6.45930242538452,2.32833957672119,67.7506256103516,138.219512939453,564.863891601562,106.108711242676,61.4825439453125,0.196077097946257,0.101160794572059,"l5atm_2005",6.47620533003873,79.8713333333333,89,223.541,423.05,0.647333333333333,3,1
"61","Chariup",2005-12-06,12,340,12,2005,10000,42,0,1,70,"Dec_2005",0,0.00344180225281602,0.0135454402268074,0.00598404255319149,0.0341051314142678,0.0756024570798551,0,0,0.368351063829787,0,0,0.276595744680851,2005,25.4645977020264,12.7520980834961,6.32989835739136,243.574279785156,522.410827636719,858.48388671875,106.108711242676,67.4715234375,0.196077097946257,0.101160794572059,"l5atm_2005",6.47620533003873,47.9603333333333,55,280.474333333333,529.025,0.459,3,1
"62","Chariup",2006-03-21,13,80,3,2006,10000,12,0,0,72,"Mar_2006",0,0.00344180225281602,0.0135454402268074,0.00598404255319149,0.0341051314142678,0.0756024570798551,0,0,0.368351063829787,0,0,0.276595744680851,2006,29.2143516540527,12.5373945236206,10.2090559005737,70.4655609130859,314.039855957031,908.685974121094,315.8095703125,69.2121142578125,0.196567703577049,0.10455325758195,"l5atm_2006",6.47620533003873,15.977,22,297.598333333333,569,0.462333333333333,3,0
"63","Chariup",2006-11-14,14,318,11,2006,10000,4,0,0,86,"Nov_2006",0,0.00344180225281602,0.0211056859347929,0,0.00344180225281602,0.0211056859347929,0,0,0.368351063829787,0,0,0.276595744680851,2006,24.9039974212646,12.366602897644,6.07651996612549,215.46142578125,371.520782470703,542.633605957031,315.8095703125,63.5465283203125,0.196567703577049,0.10455325758195,"l5atm_2006",6.47620533003873,7.08066666666667,11,333.068333333333,629.025,0.411666666666667,2,0
"64","Chariup",2007-03-20,15,79,3,2007,10000,9,0,0,91,"Mar_2007",0,0.00344180225281602,0.0211056859347929,0,0.00344180225281602,0.0211056859347929,0,0,0.368351063829787,0,0,0.276595744680851,2007,27.1423263549805,18.523904800415,6.0830979347229,39.8966865539551,161.090454101562,480.155212402344,81.2485504150391,58.8405712890625,0.195989663279383,0.106923894384043,"l5atm_2007",6.47620533003873,9.83333333333333,12,381.175666666667,728.025,1.03966666666667,4,0
"65","Chariup",2009-03-10,19,69,3,2009,10000,2,3,0,80,"Mar_2009",0,0.00344180225281602,0.0211056859347929,0,0.00344180225281602,0.0211056859347929,0,0,0.368351063829787,0,0,0.276595744680851,2009,21.9549579620361,13.1174201965332,6.70358371734619,53.1946144104004,273.448547363281,766.06396484375,225.181762695312,63.0558349609375,0.196188820020596,0.107332624867163,"l5atm_2009",6.47620533003873,2.98,5,335.491333333333,650.025,5.96666666666667,11,0
"66","Chariup",2010-03-23,21,82,3,2010,10000,6,1,0,74,"Mar_2010",0.322473404255319,0.367334167709637,0.382422428728934,0.322473404255319,0.370775969962453,0.403213104425894,0,0,0.368351063829787,0,0,0.276595744680851,2010,18.6697807312012,12.4278783798218,0,9.99460697174072,182.835678100586,615.315368652344,104.092529296875,58.603388671875,0.193575494977364,0.106269925611052,"l5atm_2010",6.47620533003873,7.125,10,307.678666666667,595.05,4.67833333333333,11,0
"67","Chariup",2011-04-05,23,95,4,2011,10000,15,3,0,68,"Apr_2011",0.394946808510638,0.414580725907384,0.424318790360687,0.394946808510638,0.4180225281602,0.445109466057647,0,0,0,0,0,0.0090738423028786,2011,21.8024063110352,9.14081001281738,6.54030752182007,79.4805068969727,168.749389648438,451.489227294922,103.027816772461,60.4013134765625,0.195159033944081,0.106760402190795,"l5atm_2011",6.47620533003873,16.961,21,267.661666666667,505.025,8.86033333333333,17,0
"68","Chariup",2012-03-20,25,80,3,2012,10000,17,4,0,71,"Mar_2012",0.394946808510638,0.414580725907384,0.424318790360687,0.394946808510638,0.4180225281602,0.445109466057647,0,0,0,0,0,0.0090738423028786,2012,25.0384101867676,12.4134397506714,6.04665803909302,66.2439880371094,304.410827636719,722.571044921875,113.263488769531,64.9725732421875,0.19540190801873,0.107373497915475,"l7atm_2012",6.47620533003873,19.9363333333333,24,275.147,527,10.0616666666667,18,0
"69","Chariup",2013-03-12,27,71,3,2013,10000,28,3,0,70,"Mar_2013",0.0724734042553191,0.0472465581977472,0.041896361631753,0.394946808510638,0.414580725907384,0.424318790360687,0,0,0,0,0,0.0090738423028786,2013,23.6168327331543,11.4927501678467,5.54563236236572,89.8278121948242,283.639862060547,584.146484375,71.968879699707,61.8747607421875,0.198549556026192,0.108844927654704,"l7atm_2013",6.47620533003873,32,38,272.626,519,7.56466666666667,15,0
"70","Corbal",2005-12-06,12,340,12,2005,10000,36,3,0,45,"Dec_2005",0.0357336220898755,0.0925925925925926,0.181252013314721,0.602598808879264,0.624579124579125,0.603994416407173,0.188413643746616,0.823497563616676,0.987547374120195,0.195917508417508,0.771043771043771,0.966540404040404,2005,18.4442138671875,9.15283966064453,4.54122066497803,238.443130493164,517.349731445312,825.365905761719,96.4898147583008,69.41701171875,0.121660774228133,0.00864176947871513,"l5atm_2005",8.29023168915775,41.631,49,196.105,379.025,6.967,13,0
"71","Corbal",2006-03-14,13,73,3,2006,10000,31,3,0,73,"Mar_2006",0.0357336220898755,0.0925925925925926,0.181252013314721,0.602598808879264,0.624579124579125,0.603994416407173,0.188413643746616,0.188413643746616,0.987547374120195,0.195917508417508,0.195917508417508,0.966540404040404,2006,22.3161716461182,10.0011157989502,8.51187324523926,70.7014541625977,309.144592285156,882.027954101562,293.976715087891,72.462607421875,0.121635247418601,0.00797488051572746,"l5atm_2006",8.29023168915775,35.8146666666667,42,258.167,491,6.50133333333333,12,0
"72","Corbal",2006-11-21,14,325,11,2006,10000,25,1,1,83,"Nov_2006",0.0357336220898755,0.0925925925925926,0.181252013314721,0.602598808879264,0.624579124579125,0.596692795017717,0.188413643746616,0.188413643746616,0.987547374120195,0.195917508417508,0.195917508417508,0.966540404040404,2006,17.6425895690918,8.8588228225708,4.34797048568726,211.547988891602,354.0224609375,518.606567382812,293.976715087891,67.4407421875,0.121635247418601,0.00797488051572746,"l5atm_2006",8.29023168915775,28.58,34,335.332666666667,641.025,4.863,11,1
"73","Corbal",2007-04-17,15,107,4,2007,10000,15,2,1,116,"Apr_2007",0.0357336220898755,0.0925925925925926,0.181252013314721,0.602598808879264,0.624579124579125,0.596692795017717,0.188413643746616,0.188413643746616,0.987547374120195,0.195917508417508,0.195917508417508,0.966540404040404,2007,17.8307228088379,8.97189903259277,4.40445137023926,34.3224143981934,123.510864257812,462.975708007812,72.7514114379883,65.8842138671875,0.108446395827218,0.00614093586751139,"l5atm_2007",8.29023168915775,18.5473333333333,24,435.158333333333,816.025,5.51366666666667,12,1
"74","Corbal",2010-11-09,22,313,11,2010,10000,5,6,0,36,"Nov_2010",0,0,0.00504670890153549,0.0357336220898755,0.0925925925925926,0.186298722216257,0.188413643746616,0.188413643746616,0.987547374120195,0.195917508417508,0.195917508417508,0.966540404040404,2010,18.7235946655273,9.52105522155762,4.68562793731689,103.957206726074,266.177795410156,374.093688964844,104.058288574219,57.7194140625,0.0816007011363685,0.0053351117039013,"l5atm_2010",8.29023168915775,6.70233333333333,10,153.603333333333,307.025,16.2786666666667,31,0
"75","Corbal",2012-04-17,25,108,4,2012,10000,17,8,1,55,"Apr_2012",0,0,0,0,0,0.00504670890153549,0.0996210070384407,0.188413643746616,0.838115863562534,0.117003367003367,0.195917508417508,0.814393939393939,2012,16.3577919006348,7.4951548576355,3.44185328483582,24.328441619873,186.256530761719,682.36962890625,108.155471801758,70.80234375,0.0933770692669977,0.00527953762365233,"l7atm_2012",8.29023168915775,18.5813333333333,22,162.467333333333,319.05,23.9806666666667,40,1
"76","Corbal",2014-04-08,29,98,4,2014,9700,1,21,1,17,"Apr_2014",0,0,0.00826801245570708,0,0,0.0133147213572426,0.0752571737953438,0.188413643746616,0.838115863562534,0.0978535353535354,0.195917508417508,0.814393939393939,2014,14.4415130615234,8.54809284210205,4.00360202789307,13.3448534011841,92.4724273681641,615.875122070312,160.455642700195,70.1370654296875,0.0924708675286219,0.00527953762365233,"l8atm_2014",8.29023168915775,3.81966666666667,9,81.1126666666667,168.025,38.2026666666667,55,1
"77","Corbal",2015-06-16,31,167,6,2015,10000,40,5,2,14,"Jun_2015",0,0,0.00826801245570708,0,0,0.00826801245570708,0.0752571737953438,0.188413643746616,0.838115863562534,0.0978535353535354,0.195917508417508,0.814393939393939,2015,17.5713577270508,4.75151062011719,4.39202928543091,184.111801147461,200.448501586914,639.004577636719,152.221450805664,75.6495458984375,0.0953256157279182,0.00527953762365233,"l8atm_2015",8.29023168915775,44.0566666666667,50,64.5886666666667,138,23.003,42,1
"78","Dordagup",2003-05-13,7,133,5,2003,10000,0,0,0,4,"May_2003",0.0431131019036954,0.0625429553264605,0.0816394535154948,0.19484882418813,0.295761741122566,0.38053982005998,0.36562150055991,0.41993281075028,0.703807390817469,0.334478808705613,0.411225658648339,0.683619702176403,2003,20.9075794219971,10.7544889450073,5.37724447250366,143.698867797852,190.126693725586,891.770629882812,144.554901123047,77.11099609375,NA,NA,NA,NA,0.143333333333333,1,27.916,63,0.769666666666667,4,0
"79","Dordagup",2004-04-20,9,111,4,2004,10000,0,0,1,11,"Apr_2004",0.0666293393057111,0.107445589919817,0.137398644896146,0.0666293393057111,0.107445589919817,0.137398644896146,0.238521836506159,0.41993281075028,0.703807390817469,0.23184421534937,0.411225658648339,0.683619702176403,2004,16.9506492614746,10.5531635284424,5.17591953277588,47.4670829772949,216.259841918945,1015.15899658203,222.713989257812,75.1925537109375,0.0193360809520004,0,"l5atm_2004",14.6507892860513,0.0733333333333333,1,43.639,86,0.870333333333333,4,1
"80","Dordagup",2005-04-12,11,102,4,2005,10000,0,0,0,19,"Apr_2005",0.0666293393057111,0.107445589919817,0.146951016327891,0.0666293393057111,0.107445589919817,0.146951016327891,0.238521836506159,0.41993281075028,0.703807390817469,0.23184421534937,0.411225658648339,0.683619702176403,2005,18.127311706543,10.3787069320679,5.206467628479,72.8222503662109,180.948135375977,803.659057617188,150.518203735352,73.1200537109375,0.0196747763278571,0,"l5atm_2005",14.6507892860513,0.0596666666666667,1,62.9556666666667,123,0.841,4,0
"81","Dordagup",2006-02-28,13,59,2,2006,10000,0,1,0,7,"Feb_2006",0.0666293393057111,0.107445589919817,0.146951016327891,0.0666293393057111,0.107445589919817,0.146951016327891,0.0128779395296753,0.367301231802912,0.703807390817469,0.052233676975945,0.349369988545246,0.683619702176403,2006,20.5811157226562,10.2112426757812,5.10562133789062,127.258026123047,521.408874511719,1109.822265625,331.119750976562,74.234501953125,0.0203597782116123,0,"l5atm_2006",14.6507892860513,0.0663333333333333,1,35.0373333333333,74.0250000000001,2.015,5,0
"82","Dordagup",2007-03-06,15,65,3,2007,10000,0,1,0,1,"Mar_2007",0.221724524076148,0.243069873997709,0.268243918693769,0.288353863381859,0.350515463917526,0.405642563589914,0.00951847704367301,0.367301231802912,0.703807390817469,0.0494845360824742,0.349369988545246,0.683619702176403,2007,20.1239948272705,9.91643333435059,5.02207374572754,50.6689834594727,224.230026245117,692.00244140625,139.021789550781,67.90548828125,0.0207936127379906,0,"l5atm_2007",14.6507892860513,0.082,1,22.1263333333333,50,2.36166666666667,6,0
"83","Dordagup",2008-03-04,17,64,3,2008,10000,1,1,1,11,"Mar_2008",0.221724524076148,0.243069873997709,0.258913695434855,0.288353863381859,0.350515463917526,0.405642563589914,0.00951847704367301,0.367301231802912,0.703807390817469,0.0494845360824742,0.349369988545246,0.683619702176403,2008,12.8085880279541,5.03237962722778,0,78.3600692749023,331.864044189453,924.165588378906,191.812149047852,74.941337890625,0.0207745849078863,0,"l5atm_2008",14.6507892860513,1.09766666666667,2,36.313,76,3.13033333333333,7,1
"84","Dordagup",2009-03-24,19,83,3,2009,10000,0,0,0,19,"Mar_2009",0.221724524076148,0.243069873997709,0.258913695434855,0.288353863381859,0.350515463917526,0.405642563589914,0.00951847704367301,0.367301231802912,0.703807390817469,0.0494845360824742,0.349369988545246,0.683619702176403,2009,20.3183269500732,15.4239664077759,10.2874298095703,81.617546081543,388.745178222656,1078.98840332031,306.803253173828,78.24568359375,0.0208126405680949,0,"l5atm_2009",14.6507892860513,0.14,1,56.1323333333333,113,2.11466666666667,7,0
"85","Dordagup",2012-03-13,25,73,3,2012,10000,0,1,0,9,"Mar_2012",0,0,0,0.221724524076148,0.243069873997709,0.258913695434855,0.00951847704367301,0.367301231802912,0.700447928331467,0.0494845360824742,0.349369988545246,0.658877434135166,2012,20.0496482849121,10.0055017471313,4.98784494400024,59.3174057006836,319.089080810547,876.100036621094,158.704895019531,75.1875341796875,0.0169157409627321,0,"l7atm_2012",14.6507892860513,0.115333333333333,1,36.069,77,4.07933333333333,10,0
"86","Dordagup",2013-05-07,27,127,5,2013,10000,0,0,0,4,"May_2013",0,0.0139747995418099,0.0410974119737865,0,0.0139747995418099,0.0410974119737865,0.00279955207166853,0.36562150055991,0.700447928331467,0.0174112256586483,0.334478808705613,0.658877434135166,2013,19.9973850250244,9.95912742614746,4.97312259674072,104.922592163086,288.872589111328,863.966369628906,108.892044067383,82.546474609375,0.0174523257716736,0,"l7atm_2013",14.6507892860513,0.358666666666667,2,23.0426666666667,52,1.38066666666667,5,0
"87","Dordagup",2016-05-24,33,145,5,2016,10000,0,0,0,2,"May_2016",0,0,0,0,0.0139747995418099,0.0410974119737865,0.00279955207166853,0.0128779395296753,0.700447928331467,0.0229095074455899,0.0577319587628866,0.664375715922108,2016,15.20276927948,10.2646102905273,5.31099462509155,139.741394042969,300.938293457031,791.552124023438,225.668380737305,78.9770166015625,0.019872665760942,0,"l8att_2016",14.6507892860513,0.79,3,13.8353333333333,37,1.143,5,0
"88","Keninup",2005-11-07,12,311,11,2005,10000,56,14,2,19,"Nov_2005",0.587612493382742,0.55757970071568,0.496255669233203,0.674430915828481,0.657558013446107,0.6236683894104,0,0.197988353626257,0.783483324510323,0,0.196486662329213,0.778139232270657,2005,16.2983245849609,8.22331142425537,4.08666324615479,261.238403320312,547.602722167969,784.833312988281,91.7585830688477,65.2560498046875,0.273995713086496,0.191782699265431,"l5atm_2005",13.3445027200904,68.4823333333333,83.0250000000001,86.101,170,26.9816666666667,40,1
"89","Keninup",2006-03-28,13,87,3,2006,10000,98,14,1,23,"Mar_2006",0.587612493382742,0.55757970071568,0.496255669233203,0.674430915828481,0.657558013446107,0.6236683894104,0,0,0.783483324510323,0,0,0.778139232270657,2006,18.3689079284668,8.14700126647949,4.09464120864868,65.727180480957,277.222045898438,859.737121582031,321.514556884766,59.6586962890625,0.268844896861425,0.190330007674597,"l5atm_2006",13.3445027200904,101.315666666667,113,89.1523333333333,175,25.2833333333333,38,1
"90","Keninup",2006-10-31,14,304,10,2006,10000,111,8,1,21,"Oct_2006",0.587612493382742,0.55757970071568,0.496255669233203,0.674430915828481,0.657558013446107,0.6236683894104,0,0,0.783483324510323,0,0,0.778139232270657,2006,16.1615505218506,0,3.94945001602173,246.453643798828,321.801910400391,518.778686523438,321.514556884766,70.2517431640625,0.268844896861425,0.190330007674597,"l5atm_2006",13.3445027200904,124.582333333333,138,90.924,177.025,19.312,30,1
"91","Keninup",2007-03-27,15,86,3,2007,10000,128,2,2,30,"Mar_2007",0.587612493382742,0.55757970071568,0.496255669233203,0.674430915828481,0.657558013446107,0.6236683894104,0,0,0.783483324510323,0,0,0.778139232270657,2007,17.9538345336914,9.93928337097168,3.91432166099548,46.9699058532715,136.13525390625,426.526123046875,67.4891586303711,51.554462890625,0.262976878377167,0.185094836092534,"l5atm_2007",13.3445027200904,133.101666666667,148,111.121333333333,217,13.687,24,1
"92","Keninup",2007-11-06,16,310,11,2007,10000,113,2,2,20,"Nov_2007",0,0,0,0.674430915828481,0.657558013446107,0.6236683894104,0,0,0.783483324510323,0,0,0.778139232270657,2007,16.2340030670166,8.21439743041992,4.10911178588867,245.362121582031,464.281097412109,575.942687988281,67.4891586303711,59.613076171875,0.262976878377167,0.185094836092534,"l5atm_2007",13.3445027200904,120.499666666667,135,108.002,214,13.376,24,1
"93","Keninup",2008-03-11,17,71,3,2008,10000,91,11,2,44,"Mar_2008",0,0,0,0.674430915828481,0.657558013446107,0.6236683894104,0,0,0.783483324510323,0,0,0.778139232270657,2008,16.4817790985107,8.46217441558838,4.35306167602539,57.7671432495117,215.454238891602,575.591552734375,84.1254043579102,53.2650830078125,0.258506589295756,0.184601469137156,"l5atm_2008",13.3445027200904,101.215333333333,116,164.489333333333,315.025,20.2243333333333,31,1
"94","Keninup",2008-11-04,18,309,11,2008,10000,97,8,0,44,"Nov_2008",0,0,0,0.587612493382742,0.55757970071568,0.496255669233203,0,0,0.783483324510323,0,0,0.778139232270657,2008,14.9057521820068,8.35877323150635,4.25897312164307,129.943374633789,433.948364257812,600.994873046875,84.1254043579102,57.5578662109375,0.258506589295756,0.184601469137156,"l5atm_2008",13.3445027200904,94.9073333333333,105,191.216,365,19.3103333333333,30,0
"95","Keninup",2009-03-31,19,90,3,2009,10000,50,6,1,74,"Mar_2009",0,0,0,0.587612493382742,0.55757970071568,0.496255669233203,0,0,0.783483324510323,0,0,0.778139232270657,2009,19.3533458709717,0,6.61553764343262,42.464427947998,218.516891479492,651.8623046875,194.981460571289,54.5405517578125,0.263355854570942,0.185643021598509,"l5atm_2009",13.3445027200904,58.1936666666667,68,294.204666666667,556,17.8713333333333,30,1
"96","Keninup",2009-10-27,20,300,10,2009,10000,40,6,5,84,"Oct_2009",0,0,0,0.587612493382742,0.55757970071568,0.496255669233203,0,0,0.783483324510323,0,0,0.778139232270657,2009,17.1394901275635,8.33883476257324,4.17296981811523,285.947174072266,491.020416259766,675.181945800781,194.981460571289,68.575927734375,0.263355854570942,0.185643021598509,"l5atm_2009",13.3445027200904,42.1986666666667,50,313.235333333333,600,18.1446666666667,29,1
"97","Keninup",2010-04-13,21,103,4,2010,10000,24,11,0,74,"Apr_2010",0,0,0,0.587612493382742,0.55757970071568,0.496255669233203,0,0,0.783483324510323,0,0,0.778139232270657,2010,16.6339454650879,8.29511070251465,4.13365745544434,36.9606971740723,82.7610626220703,573.781494140625,88.3271865844727,63.91966796875,0.258062412896601,0.183779190878193,"l5atm_2010",13.3445027200904,28.7576666666667,35,279.514,528,19.761,31,0
"98","Keninup",2010-10-19,22,292,10,2010,10000,20,11,0,62,"Oct_2010",0.0550555849655903,0.087399696378226,0.130365995148191,0.0550555849655903,0.087399696378226,0.130365995148191,0,0,0.783483324510323,0,0,0.778139232270657,2010,16.7748985290527,8.4797887802124,6.23925161361694,146.247161865234,266.720092773438,349.481140136719,88.3271865844727,62.8594189453125,0.258062412896601,0.183779190878193,"l5atm_2010",13.3445027200904,22.7936666666667,28,260.602333333333,496,22.71,36,0
"99","Keninup",2011-04-12,23,102,4,2011,10000,19,9,0,123,"Apr_2011",0.0550555849655903,0.087399696378226,0.130365995148191,0.0550555849655903,0.087399696378226,0.130365995148191,0,0,0.783483324510323,0,0,0.778139232270657,2011,15.7806043624878,9.49473285675049,4.76461791992188,85.135986328125,160.252593994141,426.972686767578,115.09725189209,51.23576171875,0.255951556247402,0.183285823922815,"l5atm_2011",13.3445027200904,21.7356666666667,26,388.053333333333,728.05,20.6906666666667,34,0
"100","Keninup",2011-10-11,24,284,10,2011,9950,14,9,0,105,"Oct_2011",0.0550555849655903,0.087399696378226,0.130365995148191,0.0550555849655903,0.087399696378226,0.130365995148191,0,0,0.783483324510323,0,0,0.778139232270657,2011,19.5711574554443,10.0764236450195,7.05744981765747,301.235107421875,490.688201904297,650.940734863281,115.09725189209,66.11705078125,0.255951556247402,0.183285823922815,"l5atm_2011",13.3445027200904,16.824,21,362.997666666667,693.05,20.2883333333333,33,0
"101","Keninup",2012-04-24,25,115,4,2012,9800,11,6,0,90,"Apr_2012",0.0629962943356273,0.114508783344177,0.175297964349752,0.0629962943356273,0.114508783344177,0.175297964349752,0,0,0.783483324510323,0,0,0.778139232270657,2012,19.3621826171875,9.28575897216797,4.80244112014771,22.249532699585,185.223129272461,675.911315917969,102.422660827637,61.5527490234375,0.263551455187084,0.187671307970617,"l7atm_2012",13.3445027200904,14.446,19,326.865,615.05,17.553,29,0
"102","Keninup",2012-11-13,26,318,11,2012,10000,25,3,0,78,"Nov_2012",0.0629962943356273,0.114508783344177,0.175297964349752,0.0629962943356273,0.114508783344177,0.175297964349752,0,0,0.783483324510323,0,0,0.778139232270657,2012,18.737585067749,9.45182800292969,4.60129976272583,160.091506958008,352.772796630859,489.536285400391,102.422660827637,58.9191650390625,0.263551455187084,0.187671307970617,"l7atm_2012",13.3445027200904,27.7706666666667,32,307.472666666667,594.025,14.6296666666667,26,0
"103","Keninup",2013-04-09,27,99,4,2013,10000,20,7,0,101,"Apr_2013",0.0629962943356273,0.114508783344177,0.175297964349752,0.0629962943356273,0.114508783344177,0.175297964349752,0,0,0.783483324510323,0,0,0.778139232270657,2013,18.9704627990723,9.42062473297119,4.71619272232056,44.2229461669922,181.974746704102,545.729675292969,65.9874649047852,62.5493115234375,0.267076341290475,0.190439644775792,"l7atm_2013",13.3445027200904,23.814,29,339.724666666667,657.075,15.9843333333333,28,0
"104","Moopinup",2000-03-28,1,88,3,2000,10000,127,6,4,9,"Mar_2000",0,0,0,0.551593733117234,0.544387036167215,0.49673735725938,0,0.4462452728255,1,0,0.31305777360263,1,2000,20.7164249420166,10.0929698944092,0,138.550277709961,315.125610351562,802.251892089844,170.937744140625,62.2735107421875,0.208907269357328,0.0425274126128309,"l7atm_2000",11.2287569203514,142.674666666667,163,42.7963333333333,89.0250000000001,8.57366666666667,13,1
"105","Moopinup",2001-03-27,3,86,3,2001,10000,121,0,1,16,"Mar_2001",0,0,0,0.551593733117234,0.544387036167215,0.49673735725938,0,0.4462452728255,1,0,0.31305777360263,1,2001,18.9368629455566,8.08419513702393,0,14.9500932693481,107.891960144043,548.622436523438,113.291770935059,56.8343701171875,NA,NA,NA,NA,130.969333333333,149,56.023,111,3.74066666666667,9,1
"106","Moopinup",2002-03-19,5,78,3,2002,10000,129,2,6,4,"Mar_2002",0,0.000704556129638328,0.000349568865066418,0.336034575904916,0.358149365899483,0.353297599627127,0,0.4462452728255,1,0,0.31305777360263,1,2002,18.6624736785889,3.98417735099792,0,89.6878433227539,247.21305847168,538.359436035156,116.608406066895,57.367705078125,0.175393760257363,0.0428303144120676,"l7atm_2002",11.2287569203514,139.231,155,36.7193333333333,78,4.85666666666667,10,1
"107","Moopinup",2003-03-18,7,77,3,2003,10000,118,2,3,15,"Mar_2003",0,0.000704556129638328,0.000349568865066418,0,0.000704556129638328,0.000349568865066418,0,0.4462452728255,1,0,0.31305777360263,1,2003,25.3187255859375,14.8755826950073,8.31861209869385,51.2919578552246,189.896438598633,610.81396484375,151.020919799805,57.1441552734375,NA,NA,NA,NA,127.127,141.025,64.635,128.025,4.51933333333333,9,1
"108","Moopinup",2004-03-16,9,76,3,2004,10000,86,0,1,24,"Mar_2004",0,0.000704556129638328,0.000349568865066418,0,0.000704556129638328,0.000349568865066418,0,0.4462452728255,1,0,0.31305777360263,1,2004,21.7658615112305,11.2021732330322,4.03251981735229,30.3166332244873,241.091949462891,672.455139160156,165.74186706543,59.481669921875,0.166726543809656,0.0389834615617617,"l5atm_2004",11.2287569203514,91.1336666666667,101,89.8506666666667,173,3.27,9,1
"109","Moopinup",2005-03-21,11,80,3,2005,10000,9,2,0,19,"Mar_2005",0,0,0,0,0.000704556129638328,0.000349568865066418,0,0.4462452728255,1,0,0.31305777360263,1,2005,18.7203826904297,7.17421340942383,1.56092071533203,15.1542043685913,102.666915893555,470.430053710938,96.6542053222656,51.6596875,0.164938394584929,0.0352577694311504,"l5atm_2005",11.2287569203514,11.6013333333333,17,83.7146666666667,165.025,5.30966666666667,11,0
"110","Moopinup",2005-11-08,12,312,11,2005,5400,0,3,2,14,"Nov_2005",0,0,0,0,0.000704556129638328,0.000349568865066418,0,0.4462452728255,1,0,0.31305777360263,1,2005,22.574914932251,11.2817430496216,5.59435272216797,266.267456054688,543.172119140625,789.85546875,96.6542053222656,56.4512158203125,0.164938394584929,0.0352577694311504,"l5atm_2005",11.2287569203514,5.06166666666667,11,85.456,175,6.45333333333333,12,1
"111","Moopinup",2006-03-21,13,80,3,2006,10000,0,2,2,19,"Mar_2006",0,0,0,0,0.000704556129638328,0.000349568865066418,0,0,1,0,0,1,2006,26.3383636474609,11.0491571426392,9.48823738098145,66.2127075195312,287.071563720703,859.488952636719,313.983184814453,65.4054248046875,0.160913017563055,0.0332586175561883,"l5atm_2006",11.2287569203514,1.69466666666667,4,95.0576666666667,185.025,6.88633333333333,13,1
"112","Moopinup",2006-11-14,14,318,11,2006,10000,3,1,1,41,"Nov_2006",0,0,0,0,0.000704556129638328,0.000349568865066418,0,0,1,0,0,1,2006,21.9423332214355,10.8931760787964,5.33895683288574,196.579620361328,331.229888916016,492.9384765625,313.983184814453,60.037421875,0.160913017563055,0.0332586175561883,"l5atm_2006",11.2287569203514,3.51033333333333,5,152.466666666667,296.025,7.99366666666667,15,1
"113","Moopinup",2007-03-20,15,79,3,2007,10000,6,8,3,45,"Mar_2007",0,0,0,0,0.000704556129638328,0.000349568865066418,0,0,1,0,0,1,2007,23.444356918335,16.3292179107666,5.36124610900879,42.1293411254883,142.512893676758,433.555084228516,70.6667251586914,56.7037744140625,0.164272941791252,0.0325013630580966,"l5atm_2007",11.2287569203514,6.55833333333333,9,176.643,332,13.5243333333333,21,1
"114","Moopinup",2008-04-01,17,92,4,2008,10000,6,6,3,36,"Apr_2008",0.970826580226904,0.937294504462189,0.873572593800979,0.970826580226904,0.937294504462189,0.873572593800979,0,0,1,0,0,1,2008,16.9241714477539,11.2951574325562,5.80274772644043,13.670841217041,136.500366210938,583.684814453125,97.9833602905273,64.753759765625,0.152441762674222,0.0316229478403102,"l5atm_2008",11.2287569203514,6.75166666666667,9,139.773,269,15.6723333333333,26,1
"115","Moopinup",2009-03-10,19,69,3,2009,10000,3,4,1,21,"Mar_2009",0.970826580226904,0.937294504462189,0.873572593800979,0.970826580226904,0.937294504462189,0.873572593800979,0,0,1,0,0,1,2009,18.7934455871582,11.5344572067261,5.90683746337891,47.6917762756348,243.233627319336,689.188903808594,205.579620361328,61.87748046875,0.152886758714166,0.0319561398194705,"l5atm_2009",11.2287569203514,3.602,6,105.895333333333,209.05,16.651,30,1
"116","Moopinup",2010-03-23,21,82,3,2010,10000,2,8,1,30,"Mar_2010",0.970826580226904,0.937294504462189,0.873572593800979,0.970826580226904,0.937294504462189,0.873572593800979,0,0,1,0,0,1,2010,16.2932224273682,10.8389081954956,0,9.96243000030518,160.387847900391,564.385009765625,94.0044784545898,60.4297021484375,0.14937169825186,0.0315926576603865,"l5atm_2010",11.2287569203514,2.31466666666667,4,125.516333333333,241,26.3753333333333,45,1
"117","Moopinup",2011-03-15,23,74,3,2011,10000,0,16,1,31,"Mar_2011",0,0,0,0.970826580226904,0.937294504462189,0.873572593800979,0,0,0.972447325769854,0,0,0.939643024894317,2011,26.2632331848145,15.2292366027832,7.02736568450928,94.3669052124023,183.212890625,451.271942138672,108.450271606445,54.7836767578125,0.160247564769378,0.0319864299993942,"l5atm_2011",11.2287569203514,0.625,2.02500000000009,114.184666666667,218.025,51.5863333333333,81,1
"118","Moopinup",2012-02-28,25,59,2,2012,10000,2,51,2,26,"Feb_2012",0,0,0,0.970826580226904,0.937294504462189,0.873572593800979,0,0,0.972447325769854,0,0,0.939643024894317,2012,35.1760749816895,17.5070991516113,7.95607852935791,105.379249572754,379.088043212891,671.951232910156,104.283546447754,64.874560546875,0.154168673911801,0.0314412067607682,"l7atm_2012",11.2287569203514,2.258,4,108.097333333333,215,92.6443333333333,125.025,1
"119","Moopinup",2013-03-19,27,78,3,2013,10000,6,46,0,35,"Mar_2013",0,0,0,0.970826580226904,0.937294504462189,0.873572593800979,0,0,0.972447325769854,0,0,0.939643024894317,2013,37.0504112243652,18.3806018829346,9.20124626159668,86.2171859741211,253.963348388672,529.555847167969,66.8751373291016,60.754384765625,0.149771786434561,0.0301993093838977,"l7atm_2013",11.2287569203514,6.99766666666667,10,137.598333333333,264,96.6756666666667,134,0
"120","Moopinup",2014-03-11,29,70,3,2014,10000,5,30,0,32,"Mar_2014",0,0,0,0,0,0,0,0,0.972447325769854,0,0,0.939643024894317,2014,50.3443756103516,23.9644985198975,9.25688552856445,8.30000019073486,200.95475769043,586.747619628906,148.179611206055,58.7700732421875,0.147436577857977,0.0306839522626764,"l8atm_2014",11.2287569203514,6.134,9,130.665333333333,255.025,78.743,114,0
"121","Moopinup",2015-03-10,31,69,3,2015,10000,16,25,1,22,"Mar_2015",0,0,0,0,0,0,0,0,0.972447325769854,0,0,0.939643024894317,2015,42.872501373291,22.9585990905762,9.32564544677734,19.8457946777344,165.983367919922,593.267822265625,152.479431152344,58.526904296875,0.147171213247001,0.0311685951414551,"l8atm_2015",11.2287569203514,18.7153333333333,23,100.602,199.025,66.558,99,1
"122","Moopinup",2016-03-15,33,75,3,2016,10000,24,28,0,33,"Mar_2016",0,0,0,0,0,0,0,0,0.972447325769854,0,0,0.939643024894317,2016,43.1538505554199,19.1865139007568,8.79394721984863,133.346160888672,209.933654785156,596.563903808594,178.746154785156,57.0949951171875,0.14969013578503,0.0314714969406918,"l8att_2016",11.2287569203514,28.2163333333333,34,117.159333333333,225,56.8356666666667,83,0
"123","Moopinup",2017-03-21,35,80,3,2017,10000,21,20,3,14,"Mar_2017",0,0,0.000582614775110697,0,0,0.000582614775110697,0,0,0.972447325769854,0,0,0.939643024894317,2017,41.6786308288574,24.600133895874,8.76179695129395,95.8248596191406,230.354385375977,721.4560546875,206.27961730957,64.6074853515625,0.179186432928074,0.0321075907190889,"l8att_2017",11.2287569203514,26.813,34,71.0853333333333,145,40.8916666666667,62,1
"124","Moopinup",2017-10-10,36,283,10,2017,10000,65,9,1,20,"Oct_2017",0,0,0.000582614775110697,0,0,0.000582614775110697,0,0,0.972447325769854,0,0,0.939643024894317,2017,41.4491424560547,24.3342399597168,10.3440771102905,328.800933837891,379.467651367188,576.117736816406,206.27961730957,63.7167626953125,0.179186432928074,0.0321075907190889,"l8att_2017",11.2287569203514,68.6143333333333,76,79.39,158,29.2386666666667,48,1
"125","Moopinup",2018-03-20,37,79,3,2018,10000,50,5,3,19,"Mar_2018",0,0,0.000582614775110697,0,0,0.000582614775110697,0,0,0.972447325769854,0,0,0.939643024894317,2018,41.2803153991699,18.9692935943604,6.73858022689819,85.3252334594727,207.108779907227,546.568237304688,75.1710205078125,64.57423828125,0.192234206723114,0.0417095777548919,"l8att_2018",11.2287569203514,55.72,65,84.3723333333333,168.025,23.722,44,1
"126","Porginup",2000-04-04,1,95,4,2000,10000,0,2,0,0,"Apr_2000",0.298651252408478,0.294689749076055,0.261091183688881,0.33140655105973,0.316669908578098,0.281952048329243,0.092485549132948,0.256743737957611,0.259152215799615,0.0595214938727874,0.250145886014394,0.273876677689166,2000,20.6435680389404,6.33087825775146,0,153.818008422852,316.911834716797,1030.97924804688,223.887832641602,71.726728515625,0.0447070741178457,0.013361617048253,"l7atm_2000",13.323928594165,0.239666666666667,2,8.294,22,5.596,11,0
"127","Porginup",2001-02-27,3,58,2,2001,10000,2,1,0,6,"Feb_2001",0.391618497109827,0.389223886403423,0.339437417406079,0.424373795761079,0.411204045905466,0.360298282046441,0.092485549132948,0.256743737957611,0.259152215799615,0.0595214938727874,0.250145886014394,0.273876677689166,2001,23.1496887207031,10.720630645752,6.36920404434204,55.7066307067871,295.580322265625,770.312255859375,163.651107788086,60.6047119140625,NA,NA,NA,NA,2.24366666666667,4,16.8533333333333,35,4.62966666666667,10,0
"128","Porginup",2002-02-26,5,57,2,2002,10000,0,4,0,1,"Feb_2002",0.119942196531792,0.10542695973546,0.0836322446667925,0.424373795761079,0.411204045905466,0.360298282046441,0.092485549132948,0.256743737957611,0.259152215799615,0.0595214938727874,0.250145886014394,0.273876677689166,2002,21.4279518127441,11.1782159805298,5.60744619369507,156.694885253906,425.404479980469,738.350463867188,149.835525512695,66.2445458984375,0.0306939051156509,0.0010972130787799,"l7atm_2002",13.323928594165,0.211333333333333,2,10.7096666666667,26,7.607,13,0
"129","Porginup",2003-03-04,7,63,3,2003,10000,3,3,0,3,"Mar_2003",0.119942196531792,0.10542695973546,0.0836322446667925,0.391618497109827,0.389223886403423,0.339437417406079,0.092485549132948,0.256743737957611,0.259152215799615,0.0595214938727874,0.250145886014394,0.273876677689166,2003,25.5545597076416,12.5480146408081,6.74943399429321,43.4831924438477,232.825012207031,777.80322265625,158.701034545898,63.971318359375,NA,NA,NA,NA,3.23566666666667,5,13.4606666666667,33,6.649,12,0
"130","Porginup",2004-03-23,9,83,3,2004,10000,3,2,0,2,"Mar_2004",0.0308285163776493,0.0422096868313558,0.0696620728714367,0.421483622350674,0.430460999805485,0.407872380592788,0.092485549132948,0.256743737957611,0.259152215799615,0.0595214938727874,0.250145886014394,0.273876677689166,2004,29.9608039855957,12.6232957839966,4.51420831680298,46.8950843811035,344.90478515625,961.537902832031,202.48600769043,71.5451953125,0.0276684112780685,0.000414502718650184,"l5atm_2004",13.323928594165,3.308,5,12.6873333333333,29,5.18933333333333,11,0
"131","Porginup",2005-03-01,11,60,3,2005,10000,3,1,0,5,"Mar_2005",0.640655105973025,0.610776113596577,0.589767793090429,0.745183044315992,0.709589574012838,0.669529922597697,0.092485549132948,0.256743737957611,0.259152215799615,0.0595214938727874,0.250145886014394,0.273876677689166,2005,22.6508808135986,13.5833501815796,6.77209997177124,35.1731719970703,161.9638671875,699.548950195312,136.398590087891,64.007236328125,0.0270471045078507,4.87650257235511e-05,"l5atm_2005",13.323928594165,3.303,5,15.423,33,3.48666666666667,9,0
"132","Porginup",2006-02-21,13,52,2,2006,10000,3,1,0,0,"Feb_2006",0.640655105973025,0.610776113596577,0.589767793090429,0.745183044315992,0.709589574012838,0.669529922597697,0.092485549132948,0.092485549132948,0.259152215799615,0.0595214938727874,0.0595214938727874,0.273876677689166,2006,24.9627933502197,11.2945499420166,6.83103084564209,130.53337097168,466.067596435547,1102.06115722656,385.075714111328,71.669990234375,0.0270133378355563,0.00021944261575598,"l5atm_2006",13.323928594165,3.234,5,7.338,21,3.49933333333333,9,0
"133","Porginup",2007-03-06,15,65,3,2007,10000,1,2,0,1,"Mar_2007",0.609826589595376,0.568566426765221,0.520105720218992,0.640655105973025,0.610776113596577,0.589767793090429,0.092485549132948,0.092485549132948,0.259152215799615,0.0595214938727874,0.0595214938727874,0.273876677689166,2007,26.8504066467285,13.5899429321289,6.82855844497681,49.1692314147949,205.738525390625,624.995910644531,122.461524963379,63.0809765625,0.0269052844842141,0.000341355180064858,"l5atm_2007",13.323928594165,1.15,2,6.87766666666667,19,5.326,11,0
"134","Porginup",2008-02-26,17,57,2,2008,10000,0,5,0,2,"Feb_2008",0,0,0,0.640655105973025,0.610776113596577,0.589767793090429,0.092485549132948,0.092485549132948,0.259152215799615,0.0595214938727874,0.0595214938727874,0.273876677689166,2008,19.415210723877,8.3523645401001,2.33083438873291,82.684814453125,414.219055175781,833.446838378906,188.70231628418,62.79341796875,0.0264967077494513,0.000341355180064858,"l5atm_2008",13.323928594165,0.0956666666666667,1,8.23033333333333,20,10.034,17,0
"135","Porginup",2009-02-24,19,55,2,2009,10000,0,5,0,1,"Feb_2009",0,0,0,0.640655105973025,0.610776113596577,0.589767793090429,0.092485549132948,0.092485549132948,0.259152215799615,0.0595214938727874,0.0595214938727874,0.273876677689166,2009,20.3672389984131,12.0857572555542,5.36517000198364,170.3271484375,380.509552001953,972.240478515625,270.913757324219,66.971044921875,0.0263683943947324,0.000121912564308878,"l5atm_2009",13.323928594165,0.104333333333333,1,7.83466666666667,20,10.2716666666667,18,0
"136","Porginup",2010-05-11,21,131,5,2010,10000,0,2,0,3,"May_2010",0,0,0,0,0,0,0.092485549132948,0.092485549132948,0.259152215799615,0.0595214938727874,0.0595214938727874,0.273876677689166,2010,19.6264343261719,8.75305652618408,2.33083438873291,59.6208686828613,124.155982971191,815.185424804688,118.808471679688,71.0236181640625,0.0172784062130677,9.75300514471021e-05,"l5atm_2010",13.323928594165,0.105,1,10.2296666666667,22,6.94733333333333,14,0
"137","Porginup",2011-03-09,23,68,3,2011,7500,1,2,0,2,"Mar_2011",0,0,0,0,0,0,0.086223506743738,0.092485549132948,0.259152215799615,0.0525189651818712,0.0595214938727874,0.273876677689166,2011,20.3491058349609,12.6860704421997,5.95806550979614,118.097846984863,252.269348144531,596.491455078125,114.683731079102,60.3084423828125,0.0180651696775283,0.00092653548874747,"l5atm_2011",13.323928594165,2.239,5,8.13866666666667,20,8.57633333333333,18,0
"138","Porginup",2012-05-15,25,136,5,2012,10000,0,5,0,0,"May_2012",0.000963391136801541,0.00155611748687026,0.000755144421370587,0.000963391136801541,0.00155611748687026,0.000755144421370587,0.0722543352601156,0.092485549132948,0.259152215799615,0.0443493483758024,0.0595214938727874,0.273876677689166,2012,27.0035057067871,13.5314245223999,6.72058629989624,47.5031204223633,212.801330566406,898.062866210938,157.162933349609,67.919560546875,0.0179604929934155,0.000658327847267939,"l7atm_2012",13.323928594165,0.126333333333333,1,4.09566666666667,14,10.3916666666667,18,0
"139","Porginup",2014-03-25,29,84,3,2014,10000,1,0,0,0,"Mar_2014",0.00433526011560694,0.00311223497374052,0.00273739852746838,0.00433526011560694,0.00311223497374052,0.00273739852746838,0.0722543352601156,0.092485549132948,0.259152215799615,0.0443493483758024,0.0595214938727874,0.273876677689166,2014,19.2636566162109,12.5686206817627,5.88965559005737,28.8496761322021,309.4755859375,849.243591308594,206.199752807617,63.804775390625,0.0185277730879622,0.000512032770097286,"l8atm_2014",13.323928594165,1.42566666666667,3,2.52833333333333,10,2.22533333333333,8,0
"140","Porginup",2016-02-23,33,54,2,2016,10000,0,0,0,0,"Feb_2016",0.479287090558767,0.491344096479284,0.498961676420615,0.480250481695568,0.492900213966154,0.499716820841986,0,0.092485549132948,0.259152215799615,0,0.0595214938727874,0.273876677689166,2016,18.5328674316406,11.5488948822021,5.77265357971191,161.842407226562,366.108764648438,803.6494140625,231.306777954102,59.7770458984375,0.0393381732230289,0.0154585131543657,"l8att_2016",13.323928594165,0.857,3,2.88333333333333,11,1.457,6,0
"141","Porginup",2018-02-27,37,58,2,2018,10000,0,2,0,1,"Feb_2018",0.475915221579961,0.489787978992414,0.496979422314518,0.479287090558767,0.491344096479284,0.498961676420615,0,0.092485549132948,0.259152215799615,0,0.0595214938727874,0.273876677689166,2018,18.5829257965088,11.4589347839355,5.73956394195557,78.0895080566406,410.736724853516,784.547546386719,122.468544006348,65.685478515625,0.0498396083066014,0.015312218077195,"l8att_2018",13.323928594165,0.812,3,6.21766666666667,18,4.67666666666667,10,0
"142","Tone",2000-02-29,1,60,2,2000,10000,0,5,0,17,"Feb_2000",0.422107969151671,0.43180846515605,0.469062928217561,0.514652956298201,0.530996152201796,0.576789290608201,0.0560411311053985,0.302827763496144,0.998457583547558,0.0553655408294143,0.301624625908508,0.986105173150919,2000,0,7.71878433227539,3.90843486785889,110.091178894043,452.522583007812,946.823608398438,195.321853637695,71.038134765625,0.00749680454215801,0,"l7atm_2000",15.9196375122653,0.17,1,82.058,165.025,7.83766666666667,13,0
"143","Tone",2001-02-27,3,58,2,2001,10000,0,0,0,34,"Feb_2001",0.422107969151671,0.43180846515605,0.469062928217561,0.514652956298201,0.530996152201796,0.576789290608201,0.0560411311053985,0.302827763496144,0.998457583547558,0.0553655408294143,0.301624625908508,0.986105173150919,2001,17.0276184082031,7.46728420257568,3.72373294830322,50.8536987304688,287.282745361328,734.715087890625,150.237411499023,66.5354248046875,NA,NA,NA,NA,0.197333333333333,2,121.910666666667,232,2.339,7,0
"144","Tone",2002-02-26,5,57,2,2002,10000,0,1,0,13,"Feb_2002",0.00925449871465296,0.0211628901239846,0.0703067355328344,0.422107969151671,0.43180846515605,0.469062928217561,0.0560411311053985,0.302827763496144,0.998457583547558,0.0478837109876015,0.301624625908508,0.986105173150919,2002,14.0146560668945,7.63296794891357,3.99153137207031,135.125869750977,395.497467041016,669.101013183594,144.043991088867,66.0580029296875,0.00767310566447492,0,"l7atm_2002",15.9196375122653,0.0753333333333333,1,79.731,156,2.474,6,0
"145","Tone",2003-02-25,7,56,2,2003,10000,0,0,0,30,"Feb_2003",0,0,0.000105407399599452,0.422107969151671,0.43180846515605,0.469062928217561,0.0560411311053985,0.302827763496144,0.998457583547558,0.0448909790508764,0.301624625908508,0.986105173150919,2003,16.0374546051025,8.12892723083496,4.18385457992554,40.8554344177246,319.322204589844,729.255310058594,144.040008544922,64.4786376953125,NA,NA,NA,NA,0.114333333333333,1,133.149333333333,257,1.44733333333333,5,0
"146","Tone",2004-02-24,9,55,2,2004,10000,0,2,0,48,"Feb_2004",0,0,0.000843259196795615,0.422107969151671,0.43180846515605,0.469800780014757,0.0560411311053985,0.302827763496144,0.998457583547558,0.0448909790508764,0.301624625908508,0.986105173150919,2004,13.6447954177856,8.36770915985107,4.18385457992554,62.0776710510254,463.754821777344,918.255249023438,200.241470336914,73.892626953125,0.00758896194700549,0,"l5atm_2004",15.9196375122653,0.0666666666666667,1,184.675333333333,350.025,3.28366666666667,7,0
"147","Tone",2005-03-01,11,60,3,2005,10000,0,0,1,25,"Mar_2005",0,0,0.000737851797196163,0.00925449871465296,0.0211628901239846,0.0710445873300306,0.0560411311053985,0.302827763496144,0.998457583547558,0.0448909790508764,0.301624625908508,0.986105173150919,2005,14.3756237030029,8.05590629577637,4.04339170455933,29.0100917816162,152.955963134766,643.434692382812,126.611785888672,64.4615234375,0.00747276348002388,0,"l5atm_2005",15.9196375122653,0.06,1,121.629666666667,240.025,1.06733333333333,4,1
"148","Tone",2006-02-21,13,52,2,2006,10000,0,0,0,40,"Feb_2006",0,0,0.000737851797196163,0,0,0.000843259196795615,0.0560411311053985,0.302827763496144,0.998457583547558,0.0444634459170586,0.262291577597264,0.986105173150919,2006,16.0648975372314,7.95723962783813,3.97489285469055,120.423553466797,464.014038085938,1010.91217041016,325.880523681641,71.2241162109375,0.00761700985282863,0,"l5atm_2006",15.9196375122653,0.0653333333333333,1,154.611,293.05,0.798666666666667,4,0
"149","Tone",2007-02-20,15,51,2,2007,10000,0,0,0,24,"Feb_2007",0.00565552699228792,0.0106883283454468,0.00527036997997259,0.00565552699228792,0.0106883283454468,0.00611362917676821,0.0560411311053985,0.302827763496144,0.998457583547558,0.0444634459170586,0.262291577597264,0.986105173150919,2007,15.6766033172607,7.73616456985474,3.92893195152283,70.0374069213867,322.963989257812,592.960815429688,108.189163208008,64.0691748046875,0.00758094825962744,0,"l5atm_2007",15.9196375122653,0.0573333333333333,1,114.819,224,1.29333333333333,5,0
"150","Tone",2008-03-04,17,64,3,2008,10000,0,2,0,24,"Mar_2008",0.970694087403599,0.938648995297136,0.901444081374512,0.970694087403599,0.938648995297136,0.902181933171709,0.0560411311053985,0.302827763496144,0.998457583547558,0.0444634459170586,0.262291577597264,0.986105173150919,2008,10.6509637832642,4.37622880935669,0.46917325258255,73.4078826904297,294.736053466797,791.967590332031,158.158065795898,68.552265625,0.00818998850035861,0,"l5atm_2008",15.9196375122653,0.133666666666667,1,109.551666666667,218,4.72033333333333,10,0
"151","Tone",2009-02-24,19,55,2,2009,10000,2,3,0,27,"Feb_2009",0.970694087403599,0.938648995297136,0.901444081374512,0.970694087403599,0.938648995297136,0.902181933171709,0.0560411311053985,0.0560411311053985,0.998457583547558,0.0444634459170586,0.0553655408294143,0.986105173150919,2009,11.7948150634766,7.98470830917358,4.00324678421021,157.973861694336,349.760345458984,912.676147460938,265.3134765625,73.6782080078125,0.00829015959258413,0,"l5atm_2009",15.9196375122653,2.143,3,127.447333333333,251.025,6.01,11,0
"152","Tone",2010-04-27,21,117,4,2010,10000,0,0,2,42,"Apr_2010",0.98560411311054,0.973065412569474,0.937071782439127,0.98560411311054,0.973065412569474,0.937071782439127,0.0560411311053985,0.0560411311053985,0.998457583547558,0.0444634459170586,0.0553655408294143,0.986105173150919,2010,15.0613965988159,7.5285382270813,3.88873481750488,24.0211963653564,104.464744567871,734.263061523438,116.494270324707,76.8688818359375,0.00759296879069451,0,"l5atm_2010",15.9196375122653,0.273333333333333,2,177.885666666667,343,4.51866666666667,12,1
"153","Tone",2011-03-01,23,60,3,2011,10000,6,8,0,39,"Mar_2011",0.0149100257069409,0.0344164172723386,0.0357331084642142,0.98560411311054,0.973065412569474,0.937071782439127,0,0.0560411311053985,0.998457583547558,0,0.0553655408294143,0.985250106883283,2011,8.37795162200928,4.05039215087891,3.610182762146,106.52131652832,220.657653808594,532.116455078125,110.695381164551,69.2988037109375,0.00755690719749332,0,"l5atm_2011",15.9196375122653,6.47366666666667,8,150.926333333333,289,14.4756666666667,23,0
"154","Tone",2012-03-13,25,73,3,2012,10000,2,5,0,20,"Mar_2012",0.0149100257069409,0.0344164172723386,0.0357331084642142,0.98560411311054,0.973065412569474,0.937071782439127,0,0.0560411311053985,0.998457583547558,0,0.0478837109876015,0.985250106883283,2012,15.5437965393066,7.76217651367188,3.86801433563232,68.3420639038086,326.094757080078,811.638732910156,136.840866088867,72.8919580078125,0.00715221598490221,0,"l7atm_2012",15.9196375122653,2.466,4,93.962,183,10.516,19,0
"155","Tone",2013-03-05,27,64,3,2013,10000,8,2,0,24,"Mar_2013",0,0,0,0.98560411311054,0.973065412569474,0.937071782439127,0,0.0560411311053985,0.998457583547558,0,0.0448909790508764,0.985250106883283,2013,15.5147981643677,7.75388669967651,3.85759091377258,97.9393157958984,330.389465332031,697.626220703125,87.8312301635742,70.6897119140625,0.00748879085477996,0,"l7atm_2013",15.9196375122653,9.065,12,95.418,185,5.48066666666667,12,0
"156","Tone",2014-02-18,29,49,2,2014,10000,8,1,0,14,"Feb_2014",0,0,0,0.0149100257069409,0.0344164172723386,0.0357331084642142,0,0.0560411311053985,0.998457583547558,0,0.0448909790508764,0.985250106883283,2014,11.580979347229,7.71840620040894,3.85142970085144,61.1301460266113,412.185180664062,782.59033203125,197.023590087891,68.320390625,0.00759697563438353,0,"l8atm_2014",15.9196375122653,8.854,11,66.4266666666667,135.025,3.15,8,0
"157","Tone",2015-02-24,31,55,2,2015,10000,5,0,0,9,"Feb_2015",0,0,0,0.0149100257069409,0.0344164172723386,0.0357331084642142,0,0.0560411311053985,0.998457583547558,0,0.0448909790508764,0.985250106883283,2015,11.9226541519165,7.66538047790527,3.82833576202393,62.9508666992188,283.819885253906,717.717895507812,172.949111938477,61.6555908203125,0.00751283191691409,0,"l8atm_2015",15.9196375122653,6.75666666666667,10,51.535,107,1.77433333333333,6,0
"158","Tone",2016-03-01,33,61,3,2016,10000,21,1,0,19,"Mar_2016",0.0262210796915167,0.0581445061992304,0.106250658796247,0.0262210796915167,0.0581445061992304,0.106250658796247,0,0.0560411311053985,0.998457583547558,0,0.0444634459170586,0.985250106883283,2016,11.9214420318604,7.65903997421265,3.8361668586731,162.250549316406,260.461120605469,727.332397460938,210.597152709961,70.39978515625,0.00753687297904821,0,"l8att_2016",15.9196375122653,21.8043333333333,25,64.7336666666667,129,2.513,6,0
"159","Tone",2017-04-10,35,100,4,2017,10000,2,1,1,8,"Apr_2017",0.0375321336760925,0.0810175288584865,0.15189206282281,0.0375321336760925,0.0810175288584865,0.15189206282281,0,0.0560411311053985,0.998457583547558,0,0.0444634459170586,0.985250106883283,2017,8.1595287322998,3.85807967185974,0,99.9369201660156,214.586013793945,910.416931152344,242.73583984375,75.7776611328125,0.00790950944212715,0,"l8att_2017",15.9196375122653,2.86133333333333,5,44.6436666666667,92,3.38,8,1
"160","Tone",2018-03-06,37,65,3,2018,10000,1,3,0,10,"Mar_2018",0.997429305912596,0.997648567764002,0.995572889216823,0.997429305912596,0.997648567764002,0.995572889216823,0,0.0560411311053985,0.998457583547558,0,0.0444634459170586,0.985250106883283,2018,11.9599857330322,7.70232963562012,3.86845111846924,77.1285629272461,241.421890258789,679.620483398438,104.539764404297,62.1730078125,0.00921574048474795,0,"l8att_2018",15.9196375122653,2.05366666666667,5,45.8093333333333,96.0250000000001,5.862,11,0
"161","Warrup",2001-02-20,3,51,2,2001,10000,24,1,1,75,"Feb_2001",0,0,0.000360663621062755,0.577012835472579,0.612195709809593,0.585958163019957,0.152275379229872,0.571178529754959,0.990081680280047,0.187997107736804,0.519884309472162,0.958785249457701,2001,19.4240951538086,8.94121360778809,5.1228494644165,37.768928527832,251.646041870117,637.816650390625,120.523818969727,59.6326513671875,NA,NA,NA,NA,26.954,33,299.550666666667,570.025,3.30033333333333,8,1
"162","Warrup",2002-02-19,5,50,2,2002,10000,24,1,0,63,"Feb_2002",0,0,0,0.577012835472579,0.612195709809593,0.585958163019957,0.152275379229872,0.571178529754959,0.990081680280047,0.187997107736804,0.519884309472162,0.958785249457701,2002,20.099308013916,9.84902191162109,5.03596973419189,141.695922851562,366.645812988281,595.368347167969,119.044151306152,65.6410791015625,0.046778240156989,0.044237266925291,"l7atm_2002",2.57218708780116,26.6233333333333,32,229.130666666667,436,3.12033333333333,8,0
"163","Warrup",2003-02-18,7,49,2,2003,10000,20,0,0,44,"Feb_2003",0,0,0,0.24095682613769,0.273318872017354,0.314618898773744,0.152275379229872,0.571178529754959,0.990081680280047,0.187997107736804,0.519884309472162,0.958785249457701,2003,18.8259887695312,10.1653957366943,5.20277881622314,33.3761520385742,271.877746582031,656.500305175781,164.561630249023,60.3783935546875,NA,NA,NA,NA,23.438,29,194.639666666667,382,2.94966666666667,8,0
"164","Warrup",2004-02-17,9,48,2,2004,10000,15,4,2,79,"Feb_2004",0.17852975495916,0.154977102916365,0.143423899975956,0.17852975495916,0.154977102916365,0.143423899975956,0.152275379229872,0.571178529754959,0.990081680280047,0.187997107736804,0.519884309472162,0.958785249457701,2004,20.1215324401855,10.5141506195068,5.31137180328369,53.081169128418,367.705505371094,809.836669921875,192.993377685547,63.787568359375,0.0334935642264807,0.0124202227505944,"l5atm_2004",2.57218708780116,19.9536666666667,27,271.749666666667,507.025,7.43566666666667,13,1
"165","Warrup",2005-02-22,11,53,2,2005,10000,43,5,0,32,"Feb_2005",0.17852975495916,0.154977102916365,0.143423899975956,0.17852975495916,0.154977102916365,0.143423899975956,0.152275379229872,0.571178529754959,0.990081680280047,0.187997107736804,0.519884309472162,0.958785249457701,2005,20.7283916473389,10.3647241592407,5.20712280273438,43.3412246704102,225.092681884766,533.960266113281,104.209884643555,61.2321630859375,0.0502468014786572,0.0310036290827181,"l5atm_2005",2.57218708780116,50.7123333333333,59,163.561666666667,319,8.517,14,0
"166","Warrup",2005-11-08,12,312,11,2005,10000,70,1,1,41,"Nov_2005",0.17852975495916,0.154977102916365,0.143423899975956,0.17852975495916,0.154977102916365,0.143423899975956,0.152275379229872,0.571178529754959,0.990081680280047,0.187997107736804,0.519884309472162,0.958785249457701,2005,20.7320537567139,10.2543869018555,5.08288478851318,325.389282226562,624.751953125,836.274658203125,104.209884643555,65.8201123046875,0.0502468014786572,0.0310036290827181,"l5atm_2005",2.57218708780116,74.6753333333333,83,181.538333333333,350.025,5.383,11,1
"167","Warrup",2006-03-28,13,87,3,2006,10000,62,2,0,74,"Mar_2006",0.17852975495916,0.154977102916365,0.143423899975956,0.17852975495916,0.154977102916365,0.143423899975956,0.152275379229872,0.232788798133022,0.990081680280047,0.187997107736804,0.265124126295493,0.958785249457701,2006,25.3357467651367,9.81081295013428,4.78874397277832,73.4991989135742,336.831298828125,915.66162109375,280.702728271484,72.461416015625,0.0587761917262333,0.0316606181954699,"l5atm_2006",2.57218708780116,68.675,78,244.500666666667,459.05,4.72533333333333,9,0
"168","Warrup",2006-11-21,14,325,11,2006,10000,53,1,0,66,"Nov_2006",0.0116686114352392,0.00482043865991805,0.00240442414041837,0.17852975495916,0.154977102916365,0.143423899975956,0.152275379229872,0.232788798133022,0.990081680280047,0.187997107736804,0.265124126295493,0.958785249457701,2006,19.6950931549072,9.88427829742432,4.83962154388428,234.947540283203,392.017486572266,567.364135742188,280.702728271484,67.6683642578125,0.0587761917262333,0.0316606181954699,"l5atm_2006",2.57218708780116,61.6613333333333,72,250.777,476,3.65266666666667,8,0
"169","Warrup",2007-04-17,15,107,4,2007,10000,65,2,2,71,"Apr_2007",0.0781796966161027,0.0805013256206315,0.0936523202692955,0.256709451575263,0.235478428536997,0.237076220245251,0.152275379229872,0.232788798133022,0.990081680280047,0.187997107736804,0.265124126295493,0.958785249457701,2007,19.9258117675781,10.0415315628052,4.92563247680664,37.8877105712891,131.773727416992,501.572479248047,82.3584671020508,66.3024365234375,0.0511978586152436,0.0233074709047679,"l5atm_2007",2.57218708780116,73.064,82,267.516666666667,512,4.06733333333333,8,1
"170","Warrup",2007-11-13,16,317,11,2007,10000,66,0,1,66,"Nov_2007",0.0781796966161027,0.0805013256206315,0.0936523202692955,0.256709451575263,0.235478428536997,0.237076220245251,0.152275379229872,0.232788798133022,0.990081680280047,0.187997107736804,0.265124126295493,0.958785249457701,2007,20.037015914917,9.99548530578613,4.87958574295044,317.452850341797,564.131591796875,701.2529296875,82.3584671020508,65.35810546875,0.0511978586152436,0.0233074709047679,"l5atm_2007",2.57218708780116,75.4876666666667,87,237.607,448.025,2.84266666666667,7,1
"171","Warrup",2008-03-11,17,71,3,2008,10000,84,3,0,75,"Mar_2008",0.0781796966161027,0.0805013256206315,0.0936523202692955,0.256709451575263,0.235478428536997,0.237076220245251,0.152275379229872,0.232788798133022,0.990081680280047,0.187997107736804,0.265124126295493,0.958785249457701,2008,19.9901027679443,9.94857025146484,5.06898403167725,74.7772521972656,274.788452148438,708.75634765625,111.409141540527,69.9129736328125,0.0520112061211931,0.018333124765361,"l5atm_2008",2.57218708780116,88.68,99,236.823666666667,452,5.566,10,0
"172","Warrup",2008-11-11,18,316,11,2008,10000,74,1,0,66,"Nov_2008",0.0781796966161027,0.0805013256206315,0.0936523202692955,0.256709451575263,0.235478428536997,0.237076220245251,0.152275379229872,0.232788798133022,0.990081680280047,0.187997107736804,0.265124126295493,0.958785249457701,2008,16.5205307006836,6.27820301055908,4.91148233413696,149.935760498047,512.951293945312,709.254577636719,111.409141540527,65.0889404296875,0.0520112061211931,0.018333124765361,"l5atm_2008",2.57218708780116,78.4646666666667,90,243.048,468.05,4.295,9,0
"173","Warrup",2009-03-31,19,90,3,2009,10000,79,1,1,68,"Mar_2009",0.0781796966161027,0.0805013256206315,0.0936523202692955,0.256709451575263,0.235478428536997,0.237076220245251,0.152275379229872,0.183197199533256,0.990081680280047,0.187997107736804,0.209930103639431,0.958785249457701,2009,22.3336582183838,0,7.00814390182495,55.8140449523926,248.843765258789,756.938171386719,238.112701416016,71.235869140625,0.0414161714140627,0.0137967713677888,"l5atm_2009",2.57218708780116,83.4183333333333,93,259.742333333333,499.025,4.79266666666667,11,1
"174","Warrup",2009-10-27,20,300,10,2009,10000,52,2,1,72,"Oct_2009",0.0781796966161027,0.0805013256206315,0.0936523202692955,0.256709451575263,0.235478428536997,0.237076220245251,0.152275379229872,0.183197199533256,0.990081680280047,0.187997107736804,0.209930103639431,0.958785249457701,2009,20.8056392669678,9.9235258102417,4.87615728378296,351.560455322266,596.812316894531,797.267456054688,238.112701416016,70.9614697265625,0.0414161714140627,0.0137967713677888,"l5atm_2009",2.57218708780116,58.7776666666667,68,280.718333333333,542.075,6.886,13,1
"175","Warrup",2010-04-13,21,103,4,2010,10000,32,6,0,106,"Apr_2010",0,0,0,0.0781796966161027,0.0805013256206315,0.0936523202692955,0.152275379229872,0.152275379229872,0.990081680280047,0.187997107736804,0.187997107736804,0.958785249457701,2010,20.0157852172852,10.0922574996948,5.36297369003296,21.4548873901367,87.230094909668,684.042419433594,116.648376464844,73.128828125,0.0296979425320498,0.0123889375547491,"l5atm_2010",2.57218708780116,40.1796666666667,48,384.626666666667,726,10.1936666666667,16,0
"176","Warrup",2010-10-12,22,285,10,2010,10000,40,4,0,73,"Oct_2010",0,0,0,0.0781796966161027,0.0805013256206315,0.0936523202692955,0.152275379229872,0.152275379229872,0.990081680280047,0.187997107736804,0.187997107736804,0.958785249457701,2010,18.9706420898438,8.87838363647461,7.17192268371582,167.381103515625,302.586578369141,389.816680908203,116.648376464844,65.5085205078125,0.0296979425320498,0.0123889375547491,"l5atm_2010",2.57218708780116,41.0596666666667,46,301.565333333333,569,12.445,23,0
"177","Warrup",2011-04-12,23,102,4,2011,10000,9,2,0,132,"Apr_2011",0,0,0,0.0781796966161027,0.0805013256206315,0.0936523202692955,0.152275379229872,0.152275379229872,0.703033838973162,0.187997107736804,0.187997107736804,0.695589298626175,2011,20.327127456665,9.89741611480713,6.37617969512939,87.1463317871094,166.457275390625,469.043853759766,116.918617248535,64.497158203125,0.0277700077031325,0.0147040420473032,"l5atm_2011",2.57218708780116,13.234,18,386.329,723.025,11.354,22,0
"178","Warrup",2011-10-11,24,284,10,2011,10000,7,4,0,91,"Oct_2011",0,0,0,0.0781796966161027,0.0805013256206315,0.0936523202692955,0.152275379229872,0.152275379229872,0.703033838973162,0.187997107736804,0.187997107736804,0.695589298626175,2011,21.2116317749023,9.76288795471191,8.40082263946533,328.298004150391,521.578857421875,688.036193847656,116.918617248535,63.3084130859375,0.0277700077031325,0.0147040420473032,"l5atm_2011",2.57218708780116,8.92533333333333,12,331.700333333333,625.05,14.2013333333333,24.0250000000001,0
"179","Warrup",2012-04-24,25,115,4,2012,10000,8,14,0,98,"Apr_2012",0,0,0,0.0781796966161027,0.0805013256206315,0.0936523202692955,0.0624270711785298,0.152275379229872,0.703033838973162,0.0848397204145577,0.187997107736804,0.695589298626175,2012,19.5514087677002,9.78851985931396,4.97756814956665,26.3614921569824,175.788070678711,697.366943359375,116.955009460449,73.582265625,0.0252697172218803,0.0174884244775372,"l7atm_2012",2.57218708780116,9.039,12,332.111,629.025,20.685,29.0250000000001,0
"180","Warrup",2012-11-13,26,318,11,2012,10000,11,3,0,118,"Nov_2012",0,0,0,0.0781796966161027,0.0805013256206315,0.0936523202692955,0.0624270711785298,0.152275379229872,0.703033838973162,0.0848397204145577,0.187997107736804,0.695589298626175,2012,19.1265811920166,9.33806228637695,4.71538352966309,215.700332641602,432.995300292969,563.53173828125,116.955009460449,69.678125,0.0252697172218803,0.0174884244775372,"l7atm_2012",2.57218708780116,12.7013333333333,16,372.811666666667,711,11.9036666666667,21,0
"181","Warrup",2013-04-09,27,99,4,2013,10000,6,2,0,124,"Apr_2013",0.00408401400233372,0.0185586888406845,0.0382303438326521,0.00408401400233372,0.0185586888406845,0.0382303438326521,0.0379229871645274,0.155775962660443,0.706534422403734,0.0735116895637503,0.199325138587611,0.706917329476982,2013,19.0518646240234,9.45161819458008,4.73623466491699,42.0922203063965,239.200439453125,670.777709960938,72.3630828857422,74.0275341796875,0.0293493650295,0.0148604680265298,"l7atm_2013",2.57218708780116,8.632,13,416.994666666667,789.025,8.026,16,0
"182","Warrup",2014-04-01,29,91,4,2014,10000,19,1,0,101,"Apr_2014",0.11318553092182,0.132562063147746,0.160375090165905,0.11318553092182,0.132562063147746,0.160375090165905,0.00350058343057176,0.155775962660443,0.706534422403734,0.0113280308508074,0.199325138587611,0.706917329476982,2014,15.7217597961426,9.50275897979736,4.47896528244019,17.0393676757812,108.267684936523,685.130004882812,180.656311035156,71.10005859375,0.0323015152362796,0.014015767738706,"l8atm_2014",2.57218708780116,21.0286666666667,25,310.081333333333,583.025,5.762,12.0250000000001,0
"183","Warrup",2015-04-15,31,105,4,2015,10000,23,3,1,64,"Apr_2015",0.582263710618436,0.552181248493613,0.483649915845155,0.582263710618436,0.552181248493613,0.483649915845155,0.00350058343057176,0.155775962660443,0.706534422403734,0.0113280308508074,0.199325138587611,0.706917329476982,2015,29.6172828674316,8.41301250457764,1.31242346763611,46.0049095153809,129.689743041992,654.083129882812,152.715347290039,67.6975830078125,0.0324693488486184,0.0124827931422851,"l8atm_2015",2.57218708780116,28.1116666666667,35,245.695,470.025,7.32666666666667,14,1
"184","Warrup",2016-04-12,33,103,4,2016,10000,46,4,0,76,"Apr_2016",0.578179696616103,0.533622559652928,0.445419572012503,0.582263710618436,0.552181248493613,0.483649915845155,0.00350058343057176,0.155775962660443,0.706534422403734,0.0113280308508074,0.199325138587611,0.706917329476982,2016,19.2145557403564,6.14868831634521,1.32328271865845,154.155578613281,200.715789794922,647.949157714844,190.125793457031,73.453212890625,0.0439810132846759,0.0108246777624828,"l8att_2016",2.57218708780116,51.5226666666667,60,239.473333333333,455.05,8.155,15,0
"185","Warrup",2017-03-14,35,73,3,2017,10000,60,2,0,46,"Mar_2017",0.469078179696616,0.419619185345866,0.32327482567925,0.582263710618436,0.552181248493613,0.483649915845155,0.00350058343057176,0.155775962660443,0.706534422403734,0.0113280308508074,0.199325138587611,0.706917329476982,2017,15.9874038696289,9.94210243225098,4.91339826583862,89.6176528930664,245.895599365234,837.947448730469,225.0966796875,73.201494140625,0.0440154406923352,0.0209610812163684,"l8att_2017",2.57218708780116,65.82,74,191.826666666667,365.025,6.115,12,0
"186","Warrup",2018-03-13,37,72,3,2018,10000,37,2,1,36,"Mar_2018",0.697199533255543,0.645215714630031,0.53270016830969,0.810385064177363,0.777295733911786,0.691392161577302,0.00350058343057176,0.155775962660443,0.706534422403734,0.0113280308508074,0.199325138587611,0.706917329476982,2018,19.2373294830322,8.27279376983643,1.32328271865845,79.7211074829102,216.76155090332,603.215209960938,81.5047760009766,66.094140625,0.042418869662138,0.0243398823676636,"l8att_2018",2.57218708780116,44.6406666666667,54,162.789333333333,311,5.88133333333333,12,1
"187","Winnejup",2005-11-15,12,319,11,2005,10000,1,1,0,19,"Nov_2005",0,0,0,0.20429483459083,0.189699976376093,0.166323689625953,0.00870574579222287,0.548461984910041,0.69297736506094,0.015355539806284,0.603118355776045,0.716040633120718,2005,14.1639385223389,7.01465940475464,3.48061513900757,315.68310546875,618.852722167969,830.415954589844,99.8054809570312,65.9562646484375,0.11042193711601,0.0438949286746685,"l5atm_2005",10.8731416109694,4.525,8,115.236666666667,226.025,3.095,8,0
"188","Winnejup",2006-03-28,13,87,3,2006,10000,12,1,0,62,"Mar_2006",0,0,0,0.20429483459083,0.189699976376093,0.166323689625953,0.00870574579222287,0.00870574579222287,0.69297736506094,0.015355539806284,0.015355539806284,0.716040633120718,2006,17.3036327362061,6.69521427154541,3.25126600265503,71.7054672241211,327.956451416016,917.721130371094,290.631317138672,70.94708984375,0.123084568124322,0.043329353358889,"l5atm_2006",10.8731416109694,12.4403333333333,14,210.886666666667,402.025,3.31166666666667,8,0
"189","Winnejup",2006-11-21,14,325,11,2006,10000,4,1,1,74,"Nov_2006",0,0,0,0.20429483459083,0.189699976376093,0.166323689625953,0.00870574579222287,0.00870574579222287,0.69297736506094,0.015355539806284,0.015355539806284,0.716040633120718,2006,13.4867286682129,6.79151439666748,3.33394742012024,223.532287597656,372.740692138672,542.80078125,290.631317138672,67.0187451171875,0.123084568124322,0.043329353358889,"l5atm_2006",10.8731416109694,6.62766666666667,10,262.175666666667,508,3.783,8,1
"190","Winnejup",2007-04-17,15,107,4,2007,10000,9,4,4,93,"Apr_2007",0,0,0,0.20429483459083,0.189699976376093,0.166323689625953,0.00870574579222287,0.00870574579222287,0.69297736506094,0.015355539806284,0.015355539806284,0.716040633120718,2007,13.6778392791748,6.88632488250732,3.3858048915863,34.0393180847168,130.16325378418,481.882263183594,73.406852722168,62.6917626953125,0.127136790748103,0.0421982027273299,"l5atm_2007",10.8731416109694,9.81733333333333,12,356.203,669.025,6.23333333333333,11,1
"191","Winnejup",2008-04-08,17,99,4,2008,10000,5,0,5,92,"Apr_2008",0,0,0,0.20429483459083,0.189699976376093,0.166323689625953,0.00870574579222287,0.00870574579222287,0.69297736506094,0.015355539806284,0.015355539806284,0.716040633120718,2008,10.3307971954346,5.66596651077271,3.47223401069641,16.93825340271,147.082748413086,670.831848144531,99.582160949707,67.8861474609375,0.11641669678352,0.0413812606045372,"l5atm_2008",10.8731416109694,6.10466666666667,9,351.875666666667,668.025,4.10366666666667,11,1
"192","Winnejup",2010-04-20,21,110,4,2010,10000,5,4,0,73,"Apr_2010",0,0,0.00338942016704999,0,0,0.00338942016704999,0.00870574579222287,0.00870574579222287,0.69297736506094,0.015355539806284,0.015355539806284,0.716040633120718,2010,14.1164150238037,7.1124529838562,3.8450300693512,21.5194911956787,81.9185943603516,666.824523925781,111.424102783203,69.7996728515625,0.0942898445970365,0.0421667818764532,"l5atm_2010",10.8731416109694,5.76566666666667,8,276.912666666667,528.025,8.894,16,0
"193","Winnejup",2012-05-01,25,122,5,2012,10000,2,4,1,63,"May_2012",0.362159024956471,0.390030711079613,0.449824476455635,0.362159024956471,0.390030711079613,0.453213896622685,0.000580383052814858,0.00870574579222287,0.548461984910041,0.00543349870068509,0.015355539806284,0.603118355776045,2012,13.5223140716553,6.76342344284058,3.44676184654236,37.8613090515137,128.616394042969,650.289306640625,116.776473999023,73.2541748046875,0.0937522587640043,0.0423553069817131,"l7atm_2012",10.8731416109694,2.97233333333333,6,218.255333333333,408.1,10.639,19,1
"194","Winnejup",2012-11-13,26,318,11,2012,10000,12,1,0,67,"Nov_2012",0.362159024956471,0.390030711079613,0.449824476455635,0.362159024956471,0.390030711079613,0.453213896622685,0.000580383052814858,0.00870574579222287,0.548461984910041,0.00543349870068509,0.015355539806284,0.603118355776045,2012,13.1788082122803,6.4153847694397,3.25904202461243,200.378051757812,419.360961914062,547.977416992188,116.776473999023,67.7342626953125,0.0937522587640043,0.0423553069817131,"l7atm_2012",10.8731416109694,14.0663333333333,18,225.424666666667,426,8.368,17,0
"195","Winnejup",2013-04-09,27,99,4,2013,10000,17,3,1,71,"Apr_2013",0.362159024956471,0.390030711079613,0.449824476455635,0.362159024956471,0.390030711079613,0.453213896622685,0,0.00870574579222287,0.548461984910041,0,0.015355539806284,0.603118355776045,2013,13.1337604522705,6.53065538406372,3.27161359786987,35.7368850708008,217.885314941406,639.918823242188,70.4599838256836,70.822978515625,0.0960110227683412,0.0433921950606422,"l7atm_2013",10.8731416109694,18.9296666666667,23,248.681333333333,471,9.89733333333333,19,1
"196","Winnejup",2015-06-16,31,167,6,2015,10000,26,18,1,31,"Jun_2015",0.0261172373766686,0.0489014883061658,0.0658515918169713,0.386535113174695,0.437514764942121,0.513618206028326,0,0.00870574579222287,0.548461984910041,0,0.015355539806284,0.603118355776045,2015,20.008731842041,3.31184673309326,3.31184673309326,186.607208251953,198.150894165039,647.576782226562,154.219665527344,76.1551806640625,0.102800867365378,0.0434236159115189,"l8atm_2015",10.8731416109694,31.204,38,116.348333333333,238,27.3096666666667,37,1
"197","Winnejup",2016-11-01,34,306,11,2016,10000,56,0,0,20,"Nov_2016",0.0412071967498549,0.0869359792109615,0.165839486744946,0.290771909460244,0.324828726671391,0.405883065004237,0,0.00870574579222287,0.548461984910041,0,0.015355539806284,0.603118355776045,2016,11.3605031967163,6.76611757278442,3.4755117893219,270.450164794922,591.87841796875,839.243103027344,186.607208251953,65.1719287109375,0.1223436935309,0.0438635078237919,"l8att_2016",10.8731416109694,62.6943333333333,71,100.92,203.025,3.33833333333333,9,0
"198","Winnejup",2017-03-21,35,80,3,2017,10000,50,0,0,39,"Mar_2017",0.0150899593731863,0.0380344909047957,0.0999878949279748,0.290771909460244,0.324828726671391,0.405883065004237,0,0.00870574579222287,0.548461984910041,0,0.015355539806284,0.603118355776045,2017,12.6737251281738,6.90022659301758,2.53528666496277,88.088981628418,239.750335693359,813.815490722656,229.906463623047,71.633232421875,0.123775749909649,0.0431408282536291,"l8att_2017",10.8731416109694,58.5756666666667,67.0250000000001,129.663666666667,246,1.782,6,0
"199","Winnejup",2017-10-24,36,297,10,2017,10000,62,0,0,28,"Oct_2017",0.0150899593731863,0.0380344909047957,0.0999878949279748,0.290771909460244,0.324828726671391,0.405883065004237,0,0.00870574579222287,0.548461984910041,0,0.015355539806284,0.603118355776045,2017,13.4615335464478,6.71059322357178,3.33670139312744,359.831787109375,413.084838867188,605.497924804688,229.906463623047,72.3222607421875,0.123775749909649,0.0431408282536291,"l8att_2017",10.8731416109694,71.4963333333333,83,121.443,233,1.35233333333333,5,0
